Name;Tracks;Scrobbles;Rank
"69";"1";"1";"1651"
"1900";"9";"9";"430"
"Quantic";"15";"60";"45"
"EMEFE";"1";"3";"924"
"Lone";"5";"30";"133"
"Stippenlift";"1";"1";"1652"
"SASSY 009";"1";"2";"1162"
"Carl Gari";"1";"2";"1163"
"Irreversible Entanglements";"2";"2";"1164"
"Loke Rahbek";"1";"2";"1165"
"Delic";"1";"1";"1653"
"Bennie Maupin";"1";"2";"1166"
"Jamila Woods";"1";"1";"1654"
"Steve Reich";"3";"3";"925"
"Nubya Garcia";"11";"51";"64"
"Vels Trio";"5";"7";"530"
"Don Philippe";"1";"2";"1167"
"Songhoy Blues";"4";"4";"776"
"Ant Orange";"2";"3";"926"
"Gernot Bronsert";"1";"3";"927"
"Wim Mertens";"1";"1";"1655"
"Jadu Heart";"1";"1";"1656"
"Quantum Collage";"4";"8";"472"
"M.RUX";"17";"63";"42"
"Kundan Lal";"5";"8";"473"
"Tony Allen";"6";"21";"199"
"Art Feynman";"15";"27";"150"
"Akron/Family";"2";"6";"596"
"Joe Armon-Jones";"20";"39";"91"
"Chelou";"15";"76";"27"
"Juana Molina";"1";"2";"1168"
"Richard Spaven";"2";"2";"1169"
"bastien keb";"5";"8";"474"
"Högni";"2";"5";"668"
"Joon Moon";"1";"4";"777"
"Reginald Omas Mamode IV";"2";"2";"1170"
"Pete Josef";"2";"3";"928"
"Shawn Lee's Ping Pong Orchestra";"1";"2";"1171"
"History of Colour";"5";"37";"96"
"U.S. Girls";"17";"94";"15"
"Murcof";"1";"1";"1657"
"Andy Stott";"1";"1";"1658"
"Hodini";"1";"1";"1659"
"TiRon & Ayomari";"5";"9";"431"
"Christopher Schwarzwälder";"7";"21";"200"
"Rival Consoles";"13";"41";"86"
"Noya Rao";"5";"5";"669"
"Cotton Jones";"10";"21";"201"
"Polo & Pan";"2";"2";"1172"
"Shigeto";"8";"15";"285"
"Maria Rita Stumpf";"1";"3";"929"
"My Brightest Diamond";"4";"4";"778"
"Dreems";"27";"87";"18"
"Josef Leimberg";"5";"7";"531"
"Nils Frahm";"18";"83";"22"
"Jimmy Whoo";"1";"1";"1660"
"DJ Koze";"29";"68";"33"
"LAAKE";"7";"10";"395"
"Sly5thAve";"17";"31";"127"
"Ahmad Jamal";"1";"2";"1173"
"Penya";"10";"31";"128"
"Skinny Pelembe";"23";"104";"9"
"Palta";"1";"1";"1661"
"James Blake";"27";"130";"6"
"Jitwam";"4";"6";"597"
"Lost Midas";"1";"1";"1662"
"Pedestrian";"9";"13";"321"
"Unknown Mortal Orchestra";"11";"28";"143"
"George Fitzgerald";"15";"53";"58"
"Snide Rhythms";"1";"1";"1663"
"andrés oddone";"2";"10";"396"
"BeGun";"8";"12";"339"
"Jonwayne";"28";"57";"48"
"Emma-Jean Thackray's WALRUS";"2";"2";"1174"
"Casino Versus Japan";"2";"2";"1175"
"Jono Ma";"1";"2";"1176"
"Colleen";"7";"9";"432"
"Buttering Trio";"13";"66";"35"
"Grandbrothers";"3";"10";"397"
"Jaja";"5";"10";"398"
"Tim Engelhardt";"3";"3";"930"
"Shelter";"1";"1";"1664"
"Lords of the Underground";"1";"1";"1665"
"Mr Day";"1";"4";"779"
"Ambala";"1";"2";"1177"
"Obo Addy";"1";"2";"1178"
"Braxton Cook";"9";"16";"271"
"Hidden Orchestra";"15";"18";"240"
"Peter Broderick";"4";"5";"670"
"Idris Muhammad";"6";"10";"399"
"Kokoroko";"4";"29";"137"
"Dimlite";"1";"1";"1666"
"KOKOKO!";"4";"14";"299"
"Deerhoof";"1";"1";"1667"
"Kara-Lis Coverdale";"1";"3";"931"
"GoGo Penguin";"9";"18";"241"
"Lapti";"1";"1";"1668"
"The Survivals";"1";"1";"1669"
"Henry Wu";"4";"6";"598"
"El Búho";"28";"51";"65"
"Project Pablo";"13";"20";"210"
"Chaos in the CBD";"12";"13";"322"
"Suzanne Kraft";"1";"1";"1670"
"Portico Quartet";"9";"13";"323"
"PREQUEL";"4";"4";"780"
"Gizmo Varillas";"7";"7";"532"
"Leifur James";"16";"48";"69"
"Coss";"4";"6";"599"
"The Lot Radio";"1";"1";"1671"
"Dengue Dengue Dengue";"8";"14";"300"
"Cero39";"3";"5";"671"
"Toro y Moi";"7";"7";"533"
"Kelly Lee Owens";"16";"89";"17"
"Mildlife";"6";"24";"179"
"Dengue Dengue Dengue!";"2";"2";"1179"
"Jon Hopkins";"5";"12";"340"
"Mano Le Tough";"5";"12";"341"
"Sophia Kennedy";"13";"43";"78"
"Soulphiction";"2";"2";"1180"
"Erik Truffaz";"1";"1";"1672"
"Sea Moya";"15";"77";"25"
"Matanza";"14";"32";"124"
"Acid Pauli";"11";"15";"286"
"viva sherry";"3";"3";"932"
"Rejjie Snow";"20";"100";"10"
"Shafiq Husayn";"3";"5";"672"
"Oumou Sangaré";"2";"2";"1181"
"NATUREBOY FLAKO";"4";"6";"600"
"Moses Boyd";"5";"12";"342"
"Indian Wells";"1";"2";"1182"
"Andy Cato";"1";"1";"1673"
"Flamingods";"3";"4";"781"
"A/T/O/S";"1";"1";"1674"
"WhoMadeWho";"1";"1";"1675"
"Georgia Anne Muldrow";"11";"17";"257"
"Wilma Archer";"2";"4";"782"
"Move D";"13";"25";"170"
"David Lee Jr.";"1";"1";"1676"
"Olivier St.Louis";"1";"6";"601"
"Milo";"24";"31";"129"
"Frankie Reyes";"1";"1";"1677"
"Maribou State";"22";"134";"5"
"Rokia Traoré";"1";"3";"933"
"Bajka";"2";"2";"1183"
"Tata Dindin";"1";"3";"934"
"Jimi Tenor";"3";"3";"935"
"Holy Forest";"1";"1";"1678"
"ElPeche";"1";"1";"1679"
"Iorie";"1";"2";"1184"
"Alphonse Mouzon";"11";"12";"343"
"Rahsaan Roland Kirk";"13";"14";"301"
"Frank Zappa";"10";"10";"400"
"Axel Boman";"17";"28";"144"
"Awkwafina";"1";"6";"602"
"Betty Davis";"1";"2";"1185"
"Michael Kiwanuka";"17";"63";"43"
"Da Cruz";"1";"2";"1186"
"Hello Skinny";"18";"57";"49"
"Sudan Archives";"14";"83";"23"
"Rampa";"8";"12";"344"
"MGMT";"1";"1";"1680"
"Quiet Dawn";"6";"7";"534"
"⣎⡇ꉺლ༽இ•̛)ྀ◞ ༎ຶ ༽ৣৢ؞ৢ؞ؖ ꉺლ";"1";"2";"1187"
"Tunnelvisions";"7";"7";"535"
"HAAi";"12";"27";"151"
"Sälen";"1";"1";"1681"
"Awate";"6";"6";"603"
"Kamasi Washington";"14";"19";"225"
"Ben Westbeech";"10";"10";"401"
"Yellow Days";"17";"34";"110"
"Al-chem";"4";"10";"402"
"Darwish";"12";"19";"226"
"Babatunde Olatunji";"1";"1";"1682"
"Her";"7";"17";"258"
"Izem";"3";"3";"936"
"Harts";"1";"4";"783"
"Kilo Kish";"1";"1";"1683"
"Msafiri Zawose";"1";"1";"1684"
"Colin Stetson";"1";"2";"1188"
"Kalaha";"1";"1";"1685"
"Alex Izenberg";"1";"2";"1189"
"Neue Grafik";"6";"17";"259"
"Lokal Affair";"1";"1";"1686"
"Thornato";"5";"15";"287"
"Cumbia Cosmonauts";"1";"2";"1190"
"Mabuta";"8";"8";"475"
"Ariwo";"6";"8";"476"
"TSHEGUE";"1";"1";"1687"
"Nicole Willis";"3";"10";"403"
"Jono McCleery";"1";"2";"1191"
"El Michels Affair";"2";"4";"784"
"Everything Is Recorded";"1";"3";"937"
"Makadem";"3";"6";"604"
"Lagartijeando";"5";"5";"673"
"Melanie De Biasio";"1";"2";"1192"
"Joomanji";"1";"2";"1193"
"Washed Out";"12";"57";"50"
"Nadah El Shazly";"1";"3";"938"
"Daymé Arocena";"2";"4";"785"
"Voilaaa";"1";"1";"1688"
"Sarah Elizabeth Charles";"2";"2";"1194"
"The Orchestra Soledad";"3";"3";"939"
"Nilüfer Yanya";"1";"1";"1689"
"OKZHARP";"1";"1";"1690"
"E Ruscha V";"5";"30";"134"
"Mr. Mitch";"1";"1";"1691"
"K15";"12";"14";"302"
"Ikebe Shakedown";"1";"1";"1692"
"Kutiman";"3";"5";"674"
"KiNK";"2";"2";"1195"
"Boncana Maïga";"2";"6";"605"
"Maajo";"14";"98";"13"
"Fatima";"2";"2";"1196"
"Das Komplex";"1";"1";"1693"
"The Mauskovic Dance Band";"11";"24";"180"
"Uffe";"1";"1";"1694"
"Locust Toybox";"7";"34";"111"
"Makaya McCraven";"8";"8";"477"
"Big Thief";"2";"13";"324"
"Photay";"7";"8";"478"
"Young Fathers";"12";"35";"106"
"Stimming x Lambert";"8";"56";"52"
"Ghostpoet";"12";"14";"303"
"Carol Anne McGowan";"1";"1";"1695"
"Dauwd";"20";"137";"4"
"Emanative";"39";"75";"29"
"STAC";"1";"2";"1197"
"Rosie Brown";"1";"1";"1696"
"Dele Sosimi";"3";"4";"786"
"Paper Tiger";"4";"4";"787"
"Black Classical";"24";"65";"38"
"Mecca:83";"1";"1";"1697"
"Resonators";"1";"1";"1698"
"Sarathy Korwar";"11";"21";"202"
"Crazy P";"2";"2";"1198"
"Yazz Ahmed";"8";"14";"304"
"Julia Biel";"1";"1";"1699"
"Blue States";"3";"3";"940"
"Plantrae";"1";"1";"1700"
"Elsa Hewitt";"3";"3";"941"
"Kerem Akdağ";"4";"8";"479"
"Imarhan";"1";"1";"1701"
"Khruangbin";"21";"40";"90"
"Mala";"2";"5";"675"
"Randy Weston";"1";"1";"1702"
"Golden Teacher";"8";"18";"242"
"Little Simz";"3";"5";"676"
"Thump";"1";"1";"1703"
"Collocutor";"15";"26";"159"
"Emanative & Earl Zinger & RN9";"1";"1";"1704"
"Kodäma";"4";"7";"536"
"Slowdive";"2";"2";"1199"
"Larry de Kat";"9";"15";"288"
"Ninze";"3";"4";"788"
"ÌFÉ";"2";"10";"404"
"Etherwood";"1";"1";"1705"
"Hector Plimmer";"20";"35";"107"
"Afriquoi";"1";"1";"1706"
"Suplington";"1";"1";"1707"
"Honny & The Bees Band";"1";"1";"1708"
"Gorillaz";"13";"90";"16"
"Alice Russell";"1";"1";"1709"
"Dabrye";"17";"43";"79"
"Black Classical meets Sarah Webster Fabio";"2";"2";"1200"
"Yahoos";"1";"1";"1710"
"Oscar Sulley";"1";"1";"1711"
"DAISHO";"2";"4";"789"
"Sun Ra";"2";"3";"942"
"DJ Sports";"8";"10";"405"
"Fiium Shaarrk";"5";"7";"537"
"Group As Salaam";"1";"1";"1712"
"Sam Jones";"1";"1";"1713"
"mugwisa international xylophone group";"3";"9";"433"
"kurup";"12";"64";"39"
"Magnus P.i";"4";"10";"406"
"Native Cruise";"12";"34";"112"
"Will Lister";"3";"5";"677"
"Rouge Mécanique";"3";"4";"790"
"LT";"5";"20";"211"
"Dear earth";"1";"1";"1714"
"Tom Esselle";"1";"5";"678"
"MSSS";"1";"1";"1715"
"SofaTalk";"6";"6";"606"
"Four Tet";"19";"33";"118"
"Jessy Lanza";"6";"10";"407"
"The Bones of J.R. Jones";"5";"5";"679"
"Shiny Objects";"5";"8";"480"
"Joseph Shabason";"12";"36";"101"
"Shabazz Palaces";"1";"2";"1201"
"PolyNation";"2";"2";"1202"
"Estrada Orchestra";"1";"1";"1716"
"Bicep";"4";"22";"192"
"DJ Nigga Fox";"1";"2";"1203"
"Peggy Gou";"2";"3";"943"
"Sons of Kemet";"4";"8";"481"
"Shabaka Hutchings";"1";"2";"1204"
"Jameszoo";"1";"3";"944"
"Evidence";"10";"14";"305"
"Samiyam";"1";"1";"1717"
"Blue Lab Beats";"4";"13";"325"
"Susso";"9";"42";"84"
"Slime";"1";"1";"1718"
"Worldwide FM";"1";"2";"1205"
"Obongjayar";"1";"4";"791"
"Mo Kolours";"4";"4";"792"
"Star Slinger";"1";"1";"1719"
"The Seshen";"1";"1";"1720"
"Gwenno";"1";"4";"793"
"The Mysterons";"1";"1";"1721"
"Richard Houghten";"1";"1";"1722"
"Virgil Howe";"1";"5";"680"
"Michael Gordon";"1";"2";"1206"
"Cornelius";"3";"11";"370"
"Skinshape";"22";"37";"97"
"Chassol";"1";"1";"1723"
"Mr Jukes";"1";"1";"1724"
"Solesides";"1";"1";"1725"
"A Macaca";"1";"17";"260"
"Bill Withers";"2";"2";"1207"
"Maxwell Owin";"5";"18";"243"
"Robag Wruhme";"13";"53";"59"
"Daniel Avery";"16";"20";"212"
"Clever Austin";"8";"9";"434"
"Mast";"16";"36";"102"
"Sean Khan";"1";"2";"1208"
"Bontan";"1";"1";"1726"
"La Yegros";"1";"1";"1727"
"Traumprinz";"13";"13";"326"
"Totally Enormous Extinct Dinosaurs";"7";"9";"435"
"Amber Mark";"6";"37";"98"
"Principles of Geometry";"1";"3";"945"
"Midnight Sister";"1";"7";"538"
"John Talabot";"13";"36";"103"
"Avalon Emerson";"1";"1";"1728"
"Toshio Matsuura Group";"8";"44";"76"
"Jessica Lauren";"1";"4";"794"
"Grupo X";"1";"1";"1729"
"Kerala Dust";"6";"8";"482"
"Alma Negra";"1";"7";"539"
"Seb Wildblood";"8";"15";"289"
"Rodrigo Gallardo";"12";"26";"160"
"Ryley Walker";"2";"3";"946"
"Boards of Canada";"20";"33";"119"
"Kaitlyn Aurelia Smith";"26";"54";"55"
"Prince of Denmark";"4";"4";"795"
"Majik";"1";"3";"947"
"C.O.W. 牛";"3";"3";"948"
"Ross From Friends";"13";"30";"135"
"Ólafur Arnalds";"10";"19";"227"
"Marenn Sukie";"10";"14";"306"
"Glenn Astro";"15";"87";"19"
"DJ Katapila";"1";"2";"1209"
"Earthboogie";"10";"33";"120"
"Bennis Cletin";"1";"1";"1730"
"Rang'ala";"1";"2";"1210"
"Francis Bebey";"2";"4";"796"
"Christy Essien";"1";"5";"681"
"Aby Ngana Diop";"1";"3";"949"
"Ali Nuur";"1";"2";"1211"
"Maisha";"2";"4";"797"
"Ezra Collective";"5";"10";"408"
"Theon Cross";"4";"5";"682"
"Cortex";"2";"3";"950"
"Oceanvs Orientalis";"3";"3";"951"
"Lutto Lento";"6";"6";"607"
"Nicola Cruz";"37";"100";"11"
"Gábor Szabó";"7";"21";"203"
"Ali Kuru";"3";"4";"798"
"Shaluza Max";"1";"6";"608"
"Leon Vynehall";"15";"28";"145"
"Yaeji";"2";"3";"952"
"Bawrut";"1";"3";"953"
"Midland";"2";"6";"609"
"Mr. Fingers";"3";"3";"954"
"JD Twitch";"2";"2";"1212"
"Melé";"4";"10";"409"
"Tale of Us";"2";"4";"799"
"Yotam Avni";"1";"3";"955"
"Mr. T.C.";"1";"1";"1731"
"Massimo Vanoni";"1";"1";"1732"
"Baaba Maal";"1";"1";"1733"
"Mr Raoul K";"1";"1";"1734"
"Khidja";"2";"2";"1213"
"Hey Mother Death";"1";"1";"1735"
"Mark Knight";"1";"5";"683"
"The Emperor Machine";"1";"2";"1214"
"Bob Sinclar";"1";"2";"1215"
"Trikk";"1";"1";"1736"
"Mind Enterprises";"2";"2";"1216"
"Cerrone";"4";"4";"800"
"Shuggie Otis";"13";"52";"63"
"Norma Tanega";"1";"1";"1737"
"Bepu N'Gali";"1";"1";"1738"
"Mocky";"8";"23";"185"
"Tune-Yards";"1";"1";"1739"
"thomas meinecke";"3";"7";"540"
"Tenesha The Wordsmith";"10";"47";"71"
"Andréa Daltro";"1";"5";"684"
"Morrison Kincannon";"16";"34";"113"
"FYI Chris";"2";"2";"1217"
"Koji Ono";"1";"1";"1740"
"Ruby Rushton";"1";"1";"1741"
"Piry Reis";"1";"4";"801"
"Avant Garde";"1";"1";"1742"
"Nando Carneiro";"1";"6";"610"
"Cinema";"1";"5";"685"
"Os Mulheres Negras";"2";"6";"611"
"Fernando Falcão";"12";"53";"60"
"Anno Luz";"1";"3";"956"
"Sunwatchers";"6";"6";"612"
"Che";"10";"22";"193"
"Radio Slave";"1";"1";"1743"
"Tommaso Cappellato";"9";"15";"290"
"Dr. Lonnie Smith";"4";"4";"802"
"Planet Battagon";"2";"5";"686"
"Populous";"3";"4";"803"
"松浦俊夫 presents HEX";"8";"16";"272"
"Umeko Ando";"4";"9";"436"
"Gacha Bakradze";"1";"1";"1744"
"Marc Moulin";"5";"7";"541"
"Portable Sunsets";"2";"3";"957"
"San Ignacio";"10";"14";"307"
"Discoshaman";"1";"2";"1218"
"Rio Mira";"1";"1";"1745"
"Jean Grae";"11";"13";"327"
"Improbeats";"3";"7";"542"
"Tom Misch";"4";"7";"543"
"Ekambi Brillant";"1";"7";"544"
"String Theory";"3";"5";"687"
"Hailu Mergia";"8";"16";"273"
"Dj Duke";"1";"1";"1746"
"GO DUGONG";"15";"26";"161"
"Romare";"15";"25";"171"
"Chancha Via Circuito";"16";"26";"162"
"Alican";"1";"6";"613"
"Tuğçe Kurtiş";"1";"2";"1219"
"Shake Stew";"5";"6";"614"
"Massive Attack";"2";"4";"804"
"Shakarchi & Stranéus";"13";"128";"7"
"The Irresistible Force";"5";"7";"545"
"Chip Wickham";"3";"5";"688"
"Paul White";"7";"13";"328"
"Wajatta";"3";"4";"805"
"Manfredas";"8";"11";"371"
"Blu";"3";"3";"958"
"Poté";"2";"4";"806"
"Cecil Taylor";"2";"3";"959"
"Haley Bonar";"1";"5";"689"
"Donald Byrd";"1";"1";"1747"
"The Notwist";"5";"5";"690"
"<Unknown>";"1";"1";"1748"
"Onyx Collective";"13";"14";"308"
"Kamaal Williams";"4";"7";"546"
"Kiasmos";"1";"2";"1220"
"James 'Creole' Thomas";"13";"15";"291"
"Bonobo";"17";"28";"146"
"Nickodemus";"19";"43";"80"
"bleaker";"1";"1";"1749"
"Kelis";"1";"7";"547"
"Mehmet Aslan";"7";"35";"108"
"Nicola Conte";"19";"53";"61"
"Carsten Erobique Meyer";"3";"9";"437"
"Alogte Oho & His Sounds of Joy";"1";"10";"410"
"Clap! Clap!";"2";"3";"960"
"Pletnev";"6";"9";"438"
"Yør Kultura";"6";"20";"213"
"Musi-O-Tunya";"1";"1";"1750"
"Hippster Trio";"1";"1";"1751"
"Altin Gün";"12";"20";"214"
"Selda Bağcan";"2";"3";"961"
"Derya Yildirim";"2";"5";"691"
"Mustafa Özkent";"2";"7";"548"
"Om Alec Khaoli";"3";"9";"439"
"Truckers Of Husk";"1";"3";"962"
"Shabaka And The Ancestors";"5";"6";"615"
"Dead Horse Beats";"1";"3";"963"
"Auntie Flo";"21";"59";"46"
"Tech Insider";"1";"1";"1752"
"Richard Rossa";"1";"2";"1221"
"Dan Lissvik";"4";"5";"692"
"José Manuel";"1";"1";"1753"
"Marc Rapson";"1";"1";"1754"
"Black Coffee";"1";"2";"1222"
"Emma-Jean Thackray";"5";"5";"693"
"Mose Robers";"1";"1";"1755"
"Niña Dioz";"1";"1";"1756"
"The Internet";"1";"2";"1223"
"Tsvia Abarbanel";"4";"34";"114"
"The Kutimangoes";"2";"2";"1224"
"Roman Flügel";"3";"7";"549"
"Jordan Rakei";"3";"11";"372"
"Flo Morrissey and Matthew E. White";"4";"6";"616"
"Bené Fonteles";"1";"2";"1225"
"Carlinhos Santos";"1";"2";"1226"
"Priscilla Ermel";"2";"4";"807"
"Carioca";"1";"2";"1227"
"Marco Bosco";"2";"5";"694"
"Maria Rita";"1";"6";"617"
"Luli e Lucina";"1";"1";"1757"
"Gonzales";"6";"6";"618"
"Lapa";"1";"1";"1758"
"Bronx River Parkway";"1";"1";"1759"
"Twinkie Clark";"1";"4";"808"
"Ramsey & Co.";"1";"1";"1760"
"MAKENESS";"1";"1";"1761"
"BCUC";"4";"14";"309"
"Selena Gomez";"2";"4";"809"
"Sebastian Mullaert";"14";"43";"81"
"Sam Weston";"1";"3";"964"
"Dandara";"1";"1";"1762"
"Thomash";"3";"6";"619"
"Oktoberklubben";"2";"6";"620"
"Willow";"2";"2";"1228"
"Aron Ottignon";"1";"3";"965"
"Laurence Guy";"8";"29";"138"
"Dave DK";"1";"1";"1763"
"Kornél Kovács";"6";"13";"329"
"Takuya Matsumoto";"1";"1";"1764"
"Wolf Müller & Niklas Wandt";"12";"59";"47"
"Pisces";"1";"2";"1229"
"McDowell";"1";"1";"1765"
"Harry Nilsson";"1";"1";"1766"
"Tom Zé";"2";"2";"1230"
"N. SIMONE";"1";"1";"1767"
"Satchmo";"1";"1";"1768"
"Roberto Musci";"2";"2";"1231"
"Mose Robert";"1";"1";"1769"
"Yazmin Lacey";"9";"21";"204"
"Wolf Müller";"40";"75";"30"
"Beatrice Dillon";"14";"24";"181"
"Blameful Isles";"4";"9";"440"
"James Holden";"10";"38";"93"
"Bufiman";"19";"26";"163"
"Ströer Duo";"12";"35";"109"
"Dj Duke, Tribal Liberation";"1";"2";"1232"
"Nina Kraviz";"12";"18";"244"
"Moritz von Oswald";"2";"2";"1233"
"Ashley Henry";"27";"47";"72"
"Auk5";"1";"4";"810"
"Frente Edits III";"10";"10";"411"
"Moses Sumney";"16";"32";"125"
"Damien Jurado";"1";"5";"695"
"Olaf Stuut";"2";"2";"1234"
"M.Roux";"1";"1";"1770"
"Nicolas Pera";"1";"5";"696"
"Henrik Schwarz";"8";"15";"292"
"Kraut";"6";"8";"483"
"Alexis Taylor";"12";"22";"194"
"Hiromi";"4";"5";"697"
"Luca Musto";"1";"3";"966"
"Andi Otto";"4";"8";"484"
"Jimmy Edgar";"1";"2";"1235"
"Paul Simon";"1";"6";"621"
"Laraaji";"8";"12";"345"
"Oscar Jerome";"4";"19";"228"
"Henric Claes";"1";"1";"1771"
"Tash Sultana";"3";"6";"622"
"Athlete Whippet";"1";"2";"1236"
"Honey Dijon";"2";"3";"967"
"Why?";"9";"15";"293"
"Kapote";"1";"1";"1772"
"Roachford";"1";"3";"968"
"Rone";"4";"5";"698"
"Agnes Obel";"3";"3";"969"
"UJI";"9";"24";"182"
"Der Panther";"2";"2";"1237"
"Louis VI";"10";"26";"164"
"JD. Reid";"5";"5";"699"
"Childish Gambino";"1";"1";"1773"
"Cool Maritime";"9";"31";"130"
"Public Service Broadcasting";"1";"1";"1774"
"Curses";"1";"1";"1775"
"Active Child";"1";"1";"1776"
"marcel vogel";"2";"3";"970"
"Max Cooper";"22";"38";"94"
"Leonor";"3";"4";"811"
"Teedra Moses";"1";"3";"971"
"Carl Craig";"1";"3";"972"
"Girls of the Internet";"1";"2";"1238"
"Circle Sky";"1";"2";"1239"
"Lauhaus";"1";"5";"700"
"Blindsmyth";"1";"7";"550"
"Nick Hakim";"3";"4";"812"
"kaleema";"2";"2";"1240"
"GuissGuissBouBess";"2";"2";"1241"
"Fresh Air from WHYY";"1";"1";"1777"
"The Sorcerers";"1";"2";"1242"
"king garbage";"5";"11";"373"
"Robert Glasper Experiment";"2";"4";"813"
"Melo-Zed";"4";"6";"623"
"Apiento & Co";"1";"4";"814"
"Ariel Pink";"1";"2";"1243"
"Ashra";"3";"25";"172"
"Heerlens Percussie Ensemble";"1";"6";"624"
"Massimo Luca";"1";"3";"973"
"Barbatuques";"2";"9";"441"
"Stijn Sadée";"3";"5";"701"
"Ezra";"1";"4";"815"
"808 State";"1";"1";"1778"
"Camp Inc.";"1";"2";"1244"
"Tom Trago";"1";"1";"1779"
"Young Marco";"6";"23";"186"
"Mariam the Believer";"16";"54";"56"
"Metamatics";"2";"3";"974"
"Switchdance";"1";"1";"1780"
"Kutcorners";"1";"7";"551"
"Art In Motion";"2";"2";"1245"
"Theo Croker";"6";"6";"625"
"FKJ";"3";"5";"702"
"Mytron & Ofofo";"16";"27";"152"
"Moonlight Benjamin";"1";"1";"1781"
"Retiree";"10";"48";"70"
"Corina Lawrence";"2";"14";"310"
"Daniel Bortz";"1";"1";"1782"
"Alfa Mist";"33";"84";"21"
"tokayo";"6";"10";"412"
"Lorenzo Dada";"1";"3";"975"
"Liv.e";"8";"10";"413"
"Baba Sissoko";"1";"1";"1783"
"The Yorkshire Film and Television Orchestra";"1";"1";"1784"
"Al Dobson Jr.";"8";"11";"374"
"Company Flow";"3";"3";"976"
"LAPS";"1";"1";"1785"
"Jazzanova";"2";"8";"485"
"Dirty Doering";"1";"1";"1786"
"Fernando Milagros";"1";"1";"1787"
"Luca D'Alberto";"1";"3";"977"
"Tuff City Kids";"1";"2";"1246"
"Neurostate";"1";"1";"1788"
"Parra for Cuva";"2";"11";"375"
"Palace";"1";"2";"1247"
"Ammer";"1";"1";"1789"
"Nubiyan Twist";"7";"12";"346"
"Ian Simmonds";"1";"1";"1790"
"SMAGGHE & CROSS";"4";"10";"414"
"Von Spar";"1";"1";"1791"
"Yougene";"1";"1";"1792"
"Kondi Band";"1";"1";"1793"
"San Miguel";"1";"1";"1794"
"Andy Jenkins";"1";"5";"703"
"Stimming";"4";"6";"626"
"Ghost-Note";"10";"19";"229"
"Ocelote Rojo";"1";"2";"1248"
"Huaira";"5";"20";"215"
"BEATBALL MUSIC";"2";"3";"978"
"Blood Wine or Honey";"9";"12";"347"
"Matty";"8";"8";"486"
"Wen";"7";"9";"442"
"Spaceslug";"1";"1";"1795"
"Jun Kamoda";"2";"2";"1249"
"Sonnymoon";"1";"1";"1796"
"The Natural Yogurt Band";"4";"5";"704"
"Rodrigo Tavares";"1";"1";"1797"
"Kermesse";"12";"20";"216"
"Pouvoir Magique";"1";"1";"1798"
"Fela Kuti";"4";"7";"552"
"Shlohmo";"13";"25";"173"
"Yussef Kamaal";"1";"2";"1250"
"Johnson, Hawkins, Tatum & Durr";"1";"2";"1251"
"Joni Mitchell";"1";"1";"1799"
"Erykah Badu";"1";"1";"1800"
"Mr Beatnick";"2";"5";"705"
"Chemise";"1";"1";"1801"
"Nicolas Jaar";"1";"1";"1802"
"Mammal Hands";"6";"8";"487"
"Gwilym Gold";"1";"1";"1803"
"King Gizzard & The Lizard Wizard";"3";"5";"706"
"Percussions";"2";"2";"1252"
"Ponty Mython";"1";"2";"1253"
"Mitski";"17";"36";"104"
"Fantasma";"1";"1";"1804"
"Pilgrims of the Mind";"2";"7";"553"
"Sivan Perwer";"1";"1";"1805"
"Athena";"1";"1";"1806"
"Doctr";"2";"2";"1254"
"Loidis";"4";"22";"195"
"디구루(dguru)";"1";"2";"1255"
"서울 콤보 (feat. 하세가와 요오헤이, 차승우)";"1";"1";"1807"
"원피스(1Piece)";"1";"2";"1256"
"Ballaké Sissoko & Vincent Segal";"7";"7";"554"
"Attwenger";"2";"3";"979"
"Playboi Carti";"1";"1";"1808"
"Conjunto Costumbrista";"1";"1";"1809"
"David Bowie";"1";"1";"1810"
"Queen";"2";"2";"1257"
"God Colony";"1";"7";"555"
"Academy Garden";"4";"4";"816"
"David Dor";"1";"1";"1811"
"AHARON AMRAM";"1";"1";"1812"
"Bruxas";"3";"4";"817"
"Hatis Noit";"3";"3";"980"
"Qasim Naqvi";"1";"1";"1813"
"A Winged Victory for the Sullen";"2";"2";"1258"
"Daniel Thorne";"1";"1";"1814"
"Daniel Brandt";"2";"9";"443"
"Luca Musto & Loewenthal";"1";"1";"1815"
"MixMag";"1";"2";"1259"
"machaka";"4";"7";"556"
"Douglas Dare";"1";"1";"1816"
"Keith Jarrett";"16";"38";"95"
"Black Flower";"2";"4";"818"
"Z Lovecraft";"1";"1";"1817"
"Islandman";"22";"141";"3"
"KH015";"1";"1";"1818"
"RED BULL MUSIC ACADEMY";"1";"1";"1819"
"GodWonder";"1";"1";"1820"
"Jess Sah Bi & Peter One";"8";"27";"153"
"MY MAMA SAID TO GET THINGS DONE";"1";"2";"1260"
"prrrrrrr";"1";"1";"1821"
"DJ Shadow";"1";"1";"1822"
"Mercedes Sosa";"1";"1";"1823"
"Souleance";"1";"1";"1824"
"The Human League";"2";"2";"1261"
"bathing";"9";"11";"376"
"Stanley Cowell Trio";"1";"4";"819"
"Butcher Brown";"3";"5";"707"
"Martin Waslewski & Ole Biege";"1";"2";"1262"
"Mekine U Teksi";"10";"29";"139"
"Chris Annibell";"1";"1";"1825"
"Alsarah & The Nubatones";"1";"1";"1826"
"Loya";"4";"6";"627"
"Nathan Fake";"3";"9";"444"
"Overmono";"1";"1";"1827"
"TFGC011";"1";"1";"1828"
"Om Buschman";"4";"18";"245"
"Sanza";"2";"7";"557"
"Total Art Of Percussion";"1";"8";"488"
"Argile";"2";"8";"489"
"Rüdiger Oppermann's Harp Attack";"1";"4";"820"
"Bob Moses";"1";"4";"821"
"Ralf Nowy";"1";"4";"822"
"Trimopen";"1";"4";"823"
"Kaidi Tatham";"13";"18";"246"
"TCP";"1";"8";"490"
"Hunts Determination Band";"1";"1";"1829"
"The Daktaris";"1";"2";"1263"
"Urubu Marinka & Gama";"1";"1";"1830"
"A Macaca with Peace & Rojey";"1";"2";"1264"
"Thomash & Osmarino Freitas";"1";"3";"981"
"Jaku Nã";"1";"1";"1831"
"Toto Chiavetta";"3";"3";"982"
"DJ Normal 4";"1";"2";"1265"
"Marbert Rocel";"15";"29";"140"
"Vibe Street";"1";"1";"1832"
"Sarah Kreis";"1";"1";"1833"
"Tropical Twista Records";"1";"1";"1834"
"Gunjah";"1";"1";"1835"
"Calico Horse";"1";"3";"983"
"Tempo Di Roma";"1";"2";"1266"
"Edit Service 10";"1";"2";"1267"
"Crown Ruler Mix #1";"1";"1";"1836"
"DJ Normal 4   Bufiman";"1";"2";"1268"
"Bufiman   DJ Normal 4";"1";"1";"1837"
"Marvin & Guy";"1";"5";"708"
"Cyro Baptista";"16";"19";"230"
"Danny White";"1";"1";"1838"
"O Terço";"1";"1";"1839"
"LateComer";"4";"8";"491"
"Pional";"3";"5";"709"
"Jullian Gomes";"2";"3";"984"
"Loose Joints";"3";"3";"985"
"Baka Pygmies";"3";"3";"986"
"Valentin Stip";"13";"19";"231"
"Mrs Jones";"2";"11";"377"
"Nicolas Collins";"4";"7";"558"
"Jonas Hellborg";"6";"6";"628"
"Medeski, Martin and Wood";"10";"12";"348"
"Dam~Ru";"1";"1";"1840"
"PREMIERE: Rouge Mécanique";"1";"1";"1841"
"Fruit Merchant";"1";"1";"1842"
"deucio | 613";"1";"1";"1843"
"Dorian Concept";"7";"8";"492"
"Nikosh";"5";"7";"559"
"Vakula";"112";"296";"1"
"Dusty Baron";"20";"26";"165"
"GUY ONE";"3";"3";"987"
"Bileo";"2";"10";"415"
"Wendo";"1";"2";"1269"
"Energy 52";"1";"3";"988"
"Electric Wire Hustle";"1";"1";"1844"
"Rhythm";"1";"1";"1845"
"Peven Everett";"3";"4";"824"
"Bad Jazz Troupe";"1";"1";"1846"
"Rick Poppa Howard";"1";"1";"1847"
"Stone";"1";"1";"1848"
"Fred P";"1";"1";"1849"
"Creative Swing Alliance";"1";"1";"1850"
"Geraldo Pino";"1";"1";"1851"
"Philippe Sarde";"1";"1";"1852"
"Robert Hood";"1";"1";"1853"
"Arts";"1";"1";"1854"
"Motor City Drum Ensemble";"5";"5";"710"
"Aphex Twin";"4";"4";"825"
"Recloose";"1";"1";"1855"
"Jon and Roy";"1";"1";"1856"
"Bacao Rhythm & Steel Band";"2";"2";"1270"
"Willie West";"1";"3";"989"
"Talos";"2";"3";"990"
"Franz Ferdinand";"1";"1";"1857"
"Nufrequency";"2";"10";"416"
"Wildflower";"1";"2";"1271"
"Hercules & Love Affair";"1";"5";"711"
"Khalab";"1";"1";"1858"
"captures";"1";"7";"560"
"kilchhofer";"5";"8";"493"
"Chilly Gonzales";"12";"25";"174"
"Knapsack";"1";"1";"1859"
"Silvia Kastel";"2";"2";"1272"
"Martha Van Straaten";"4";"11";"378"
"Jan Schulte";"2";"3";"991"
"Jantronix Schulte";"2";"4";"826"
"Scannerfunk";"5";"5";"712"
"Budakid";"1";"1";"1860"
"Stephen Encinas";"2";"4";"827"
"Gwen McCrae";"1";"2";"1273"
"Boo Williams";"1";"1";"1861"
"FCL";"1";"1";"1862"
"Steve Spacek";"3";"3";"992"
"DrumTalk";"2";"6";"629"
"Lorna";"1";"1";"1863"
"Immaculate Rivombo";"1";"1";"1864"
"Asha Bhosle";"2";"2";"1274"
"Mor Elian";"3";"12";"349"
"Robot Heart";"1";"1";"1865"
"Kadebostan";"1";"1";"1866"
"Baba Zula";"1";"4";"828"
"Mike Steva";"1";"3";"993"
"Actress";"2";"2";"1275"
"Yussef Dayes";"2";"8";"494"
"Solange";"1";"5";"713"
"DJ Khalab";"10";"71";"32"
"Loft";"2";"2";"1276"
"Me and My Friends";"6";"10";"417"
"Falke";"1";"1";"1867"
"Insight the Truncator";"2";"2";"1277"
"Dirty Projectors";"2";"3";"994"
"William Florelle";"3";"3";"995"
"Shye Ben Tzur";"2";"2";"1278"
"The Field";"1";"2";"1279"
"Kiki Gyan";"1";"3";"996"
"John Coltrane";"1";"1";"1868"
"Let's Eat Grandma";"2";"2";"1280"
"Kamal Keila";"1";"1";"1869"
"Tony Allen & Jeff Mills";"5";"12";"350"
"De Leon";"1";"1";"1870"
"Harmonious Thelonious";"1";"1";"1871"
"Michael Beharie";"3";"3";"997"
"Le Croque";"1";"3";"998"
"SHIMZA";"1";"1";"1872"
"Bayta Ag Bay";"1";"1";"1873"
"Abdoulaye Cisse";"1";"1";"1874"
"Sory Bamba";"1";"1";"1875"
"Alèmayèhu Eshèté";"2";"2";"1281"
"Townes Van Zandt";"1";"1";"1876"
"Wallace Collection";"1";"1";"1877"
"Zelia Barbosa";"1";"1";"1878"
"Cleveland";"1";"2";"1282"
"Leila Pinheiro";"1";"4";"829"
"Rhythm Section INTL";"1";"1";"1879"
"Quixosis";"27";"45";"74"
"Mark Rae";"1";"1";"1880"
"André Melo";"1";"1";"1881"
"A2. L_cio";"1";"1";"1882"
"dekmantel";"3";"3";"999"
"Karl Hector & The Malcouns";"9";"16";"274"
"Mighty Mo Rodgers";"6";"6";"630"
"Umeme Afrorave";"1";"1";"1883"
"Tenderlonious";"11";"26";"166"
"Ponzu Island";"1";"3";"1000"
"Ben Hauke";"5";"6";"631"
"Wayne Snow";"2";"4";"830"
"Komon";"5";"9";"445"
"Harvey Sutherland";"2";"3";"1001"
"Chez Damier";"1";"1";"1884"
"Bobby Mann";"1";"1";"1885"
"Jesse Gould";"1";"1";"1886"
"Hudson People";"1";"6";"632"
"Session Victim";"5";"5";"714"
"Cheops";"1";"2";"1283"
"La Banda de Martin";"1";"2";"1284"
"DENIS MPUNGA & PAUL K.";"1";"6";"633"
"Martyn";"7";"17";"261"
"Penguin Cafe Orchestra";"6";"6";"634"
"Di Melo";"7";"13";"330"
"Max Graef";"16";"26";"167"
"Tutu Atrash";"6";"20";"217"
"N C C U";"1";"2";"1285"
"Larry Maluma";"1";"5";"715"
"Creative Arts Ensemble";"1";"1";"1887"
"Wilfred Percussion";"1";"2";"1286"
"Mike Fabulous";"2";"9";"446"
"Cosmos Universal Band";"1";"1";"1888"
"Los Hermanos";"1";"1";"1889"
"Ezy & Isaac";"1";"2";"1287"
"Kosmik 3";"2";"7";"561"
"Feladey";"1";"9";"447"
"Acayouman";"1";"2";"1288"
"J.K. Mandengué";"1";"2";"1289"
"The Staple Singers";"1";"2";"1290"
"Brother Resistance";"2";"11";"379"
"Legacy";"1";"4";"831"
"Medlar";"1";"1";"1890"
"Kenny Burrell";"11";"12";"351"
"Groovestyle";"1";"3";"1002"
"Mindchime Featuring Isi Samuel";"1";"3";"1003"
"The Groove Monster";"1";"2";"1291"
"DJ Tools & Co";"1";"2";"1292"
"Granite";"1";"3";"1004"
"Motor City Drum Ensemble and Jeremy Underground";"1";"1";"1891"
"Mighty Shadow";"1";"1";"1892"
"Kiki Hitomi";"1";"4";"832"
"Ratgrave";"8";"8";"495"
"Eevee";"1";"1";"1893"
"Djrum";"1";"1";"1894"
"Fat Freddy's Drop";"2";"4";"833"
"Bastion";"1";"1";"1895"
"The One 'O' Ones";"1";"1";"1896"
"The Clean Hands Group";"1";"1";"1897"
"Metal Voices";"1";"2";"1293"
"Kathy Kosins";"1";"1";"1898"
"Cotonete";"2";"2";"1294"
"Kip Hanrahan";"1";"1";"1899"
"Freeez";"1";"1";"1900"
"Velvet Hammer";"1";"3";"1005"
"Paul Johnson";"1";"1";"1901"
"Cro-Magnon";"1";"1";"1902"
"Grooveman Spot";"1";"1";"1903"
"Material";"2";"4";"834"
"Triforce";"1";"1";"1904"
"Themes For Great Cities";"1";"1";"1905"
"Métron";"1";"1";"1906"
"TFGC015";"1";"1";"1907"
"Nelly Furtado";"1";"1";"1908"
"b";"1";"1";"1909"
"Asa Moto";"1";"2";"1295"
"Devon Russell";"1";"6";"635"
"Donnacha Costello";"1";"1";"1910"
"Nahawa Doumbia";"1";"2";"1296"
"Bruno Pernadas";"7";"11";"380"
"bottle tree";"2";"4";"835"
"Owiny Sigoma Band";"4";"8";"496"
"Ron Trent";"3";"3";"1006"
"Lonnie Liston Smith & The Cosmic Echoes";"7";"7";"562"
"Django Django";"1";"1";"1911"
"Workdub";"14";"24";"183"
"Michal Turtle";"3";"9";"448"
"Dub Oven";"3";"3";"1007"
"Vincent";"4";"5";"716"
"Leon Lowman";"6";"6";"636"
"Helena Hauff";"2";"3";"1008"
"Das Kraftfuttermischwerk";"1";"1";"1912"
"Christopher";"1";"2";"1297"
"Nostrum Grocers";"10";"14";"311"
"Orquesta De Las Nubes";"8";"8";"497"
"O/Y";"11";"37";"99"
"Chaino";"1";"1";"1913"
"Arthur Lyman";"1";"1";"1914"
"Esquivel";"1";"1";"1915"
"Bailey's Nervous Kats";"1";"1";"1916"
"Nicky Roberts";"1";"1";"1917"
"Rhonda Fleming";"1";"1";"1918"
"Yma Sumac";"1";"1";"1919"
"Artie Barsamian";"1";"1";"1920"
"Sam O.B.";"1";"1";"1921"
"Tape Loops";"1";"1";"1922"
"Dee Edwards";"1";"1";"1923"
"Gloria Jay";"1";"1";"1924"
"Linda Jones";"1";"1";"1925"
"Timeless Legend";"1";"1";"1926"
"Syreeta";"1";"1";"1927"
"Roger Damawuzan";"1";"1";"1928"
"Birthday Boy";"1";"1";"1929"
"Death Cab for Cutie";"1";"1";"1930"
"Dita Von Teese";"1";"1";"1931"
"Oliver Koletzki";"2";"2";"1298"
"Sampology";"1";"3";"1009"
"Floyd Lavine";"2";"2";"1299"
"Re.You";"1";"2";"1300"
"Susumu Yokota";"16";"32";"126"
"Vincenzo Bellini";"2";"10";"418"
"Teddy Lasry";"1";"5";"717"
"Etlan";"1";"1";"1932"
"Stray";"1";"1";"1933"
"Claudia";"1";"3";"1010"
"Kanye West";"1";"1";"1934"
"Log(M)";"1";"1";"1935"
"Amado Maita";"5";"5";"718"
"King Cats";"1";"1";"1936"
"D.K.";"1";"1";"1937"
"Duval Timothy";"1";"1";"1938"
"Klaus Johann Grobe";"2";"3";"1011"
"Glue Trip";"5";"8";"498"
"Herbie Hancock";"10";"15";"294"
"Majid Bekkas";"1";"3";"1012"
"Heerlesn Percussie Ensemble";"1";"1";"1939"
"Jeremy Hyman";"1";"1";"1940"
"Joubert Singers";"1";"2";"1301"
"Marumo";"1";"1";"1941"
"Bosq";"18";"26";"168"
"Joyce";"1";"1";"1942"
"Chain Reaction";"1";"1";"1943"
"Brooklyn Express";"1";"1";"1944"
"Don Armando's Second Avenue Rhumba Band";"1";"1";"1945"
"Gichy Dan";"1";"1";"1946"
"Gino Soccio";"1";"2";"1302"
"Alex M.";"1";"2";"1303"
"Gary's Gang";"1";"1";"1947"
"Kerri Chandler";"1";"1";"1948"
"Roger Thornhill";"1";"2";"1304"
"Pure Energy";"1";"1";"1949"
"Instra:mental";"1";"1";"1950"
"Two Man Sound";"1";"1";"1951"
"G.U.";"1";"1";"1952"
"Susobrino";"4";"6";"637"
"The Band That Never Met";"1";"2";"1305"
"DJ Sotofett";"2";"2";"1306"
"DJ Sotofett & Jesse";"2";"2";"1307"
"Jeremy Underground";"1";"3";"1013"
"Aaron Arce";"1";"1";"1953"
"Bipo";"1";"1";"1954"
"University Of Love";"1";"1";"1955"
"DJ Trax";"1";"2";"1308"
"NatureBoy";"1";"1";"1956"
"Dose of Paradise";"1";"1";"1957"
"Project Democracy";"1";"1";"1958"
"Level 3";"1";"1";"1959"
"Manhattan Project";"1";"2";"1309"
"Bugge Wesseltoft";"4";"8";"499"
"Captain Planet";"16";"33";"121"
"Bonga";"1";"4";"836"
"Pele";"1";"6";"638"
"Yak";"1";"3";"1014"
"Al Doum & The Faryds";"1";"1";"1960"
"Dwig";"1";"2";"1310"
"Alef";"1";"1";"1961"
"Recondite";"1";"1";"1962"
"Romperayo";"4";"4";"837"
"Tomat Petrella";"2";"2";"1311"
"4TLR";"13";"13";"331"
"Haraket";"1";"1";"1963"
"Reinen";"1";"10";"419"
"deem spencer";"1";"1";"1964"
"AbJo";"1";"2";"1312"
"Swarvy";"1";"1";"1965"
"Priests";"1";"5";"719"
"Loona Dae";"1";"2";"1313"
"Frazelle";"1";"1";"1966"
"△▃△▓";"1";"3";"1015"
"Alex Johnson";"3";"12";"352"
"Iasos";"10";"43";"82"
"Yas-Kaz";"2";"6";"639"
"J.D. Emmanuel";"3";"5";"720"
"Don Slepian";"4";"27";"154"
"Hot Slot Machine";"1";"10";"420"
"Adam Port";"4";"18";"247"
"Birds and insects of the Berok River";"1";"1";"1967"
"Archie Shepp";"1";"1";"1968"
"Binker and Moses";"1";"1";"1969"
"Kenny Cox";"1";"2";"1314"
"Yusef Lateef";"1";"3";"1016"
"Laurent Garnier";"3";"14";"312"
"WVR BVBY";"5";"5";"721"
"Antonin";"1";"2";"1315"
"Landhouse";"4";"4";"838"
"dictaphone";"2";"9";"449"
"The Expansions";"4";"5";"722"
"FaltyDL";"5";"8";"500"
"Tee Mango";"1";"3";"1017"
"Deadboy";"2";"4";"839"
"Marquis Hawkes";"3";"5";"723"
"Nathan Micay";"1";"3";"1018"
"Sei A";"4";"7";"563"
"Appleblim";"2";"3";"1019"
"Juxta Position";"1";"2";"1316"
"Gerd";"1";"2";"1317"
"Primitive Trust";"1";"2";"1318"
"Pearson Sound";"2";"4";"840"
"Youandewan";"3";"4";"841"
"Ben Lukas Boysen";"2";"2";"1319"
"Bing & Ruth";"3";"5";"724"
"Bxentric";"1";"1";"1970"
"Geotic";"1";"1";"1971"
"Agrippa";"1";"1";"1972"
"Deapmash";"1";"1";"1973"
"Burnski";"1";"1";"1974"
"Tenebre";"1";"1";"1975"
"Lusine";"1";"1";"1976"
"Donato Dozzy";"3";"12";"353"
"Batu";"1";"1";"1977"
"Locussolus";"1";"4";"842"
"Idjut Boys";"1";"8";"501"
"Rheinzand";"1";"5";"725"
"The Project Club";"1";"4";"843"
"DJ Pippi";"1";"3";"1020"
"No ID";"1";"3";"1021"
"Gatto Fritto";"1";"3";"1022"
"Eric Duncan";"1";"3";"1023"
"Walton";"2";"3";"1024"
"Kalbata";"2";"5";"726"
"Freddie Gibbs";"1";"1";"1978"
"Kirk Knight";"1";"1";"1979"
"Scanner";"1";"1";"1980"
"MBONGWANA STAR";"1";"1";"1981"
"Jim-E Stack";"1";"1";"1982"
"Gold Panda";"2";"2";"1320"
"Fatima Yamaha";"4";"11";"381"
"Hundred Waters";"1";"1";"1983"
"IAMNOBODI";"1";"1";"1984"
"Westerman";"1";"1";"1985"
"Archy Marshall";"1";"1";"1986"
"Mark Pritchard";"1";"1";"1987"
"30/70";"5";"8";"502"
"Mount Kimbie";"3";"4";"844"
"Dark Sky";"3";"4";"845"
"Anthony Naples";"3";"4";"846"
"Instupendo";"1";"1";"1988"
"Lord Echo";"5";"8";"503"
"Kadhja Bonet";"1";"1";"1989"
"Floating Points";"14";"37";"100"
"Sam Gellaitry";"1";"1";"1990"
"Lars Bartkuhn";"1";"1";"1991"
"Graeme Miller";"1";"1";"1992"
"Tala Vala";"9";"18";"248"
"Otto Totland";"1";"1";"1993"
"K-Lone";"1";"1";"1994"
"Weedy of 40 Winks";"1";"2";"1321"
"Forest Swords";"11";"23";"187"
"Otzeki";"1";"3";"1025"
"Levon Vincent";"1";"1";"1995"
"Talismann";"1";"1";"1996"
"Barda";"1";"5";"727"
"Neneh Cherry";"22";"99";"12"
"Third Wave";"1";"1";"1997"
"L'Rain";"8";"27";"155"
"Marijus Aleksa";"4";"44";"77"
"Kingsley Ibeneche";"9";"10";"421"
"ONIPA";"4";"22";"196"
"Barker";"2";"2";"1322"
"Anna Calvi";"10";"53";"62"
"Tolouse Low Trax";"3";"6";"640"
"Y-Bayani";"1";"1";"1998"
"Great Time";"14";"23";"188"
"Flora";"8";"11";"382"
"Saib";"3";"3";"1026"
"Geju";"2";"2";"1323"
"Per Tjernberg";"9";"19";"232"
"Melt Yourself Down";"1";"1";"1999"
"Jaubi";"1";"6";"641"
"Hunee";"2";"6";"642"
"Basecamp";"1";"1";"2000"
"Jex Opolis";"1";"1";"2001"
"Robohands";"5";"6";"643"
"Jonny Faith";"1";"1";"2002"
"Jamie Isaac";"10";"25";"175"
"Duke Hugh";"18";"77";"26"
"Billy Woods";"9";"15";"295"
"Mark Barrott";"2";"4";"847"
"Fantaz";"2";"3";"1027"
"felicita";"10";"13";"332"
"Forma";"1";"1";"2003"
"Lawrence Hart";"3";"6";"644"
"O'Flynn";"13";"66";"36"
"Sam Gendel";"1";"1";"2004"
"Kleintierschaukel";"4";"4";"848"
"Carlomarco";"1";"3";"1028"
"Hank Jackson";"1";"2";"1324"
"David Mayer";"1";"1";"2005"
"Louie Vega";"1";"1";"2006"
"Blaze";"1";"1";"2007"
"Julien Jabre";"1";"1";"2008"
"Ian Pooley";"1";"1";"2009"
"Quim Manuel O Espirito Santo";"1";"1";"2010"
"Luciano";"1";"1";"2011"
"Jimpster";"1";"1";"2012"
"Joe Corti";"1";"1";"2013"
"Thatmanmonkz";"1";"1";"2014"
"Robert Owens";"1";"1";"2015"
"Joeski";"1";"1";"2016"
"G Club";"1";"1";"2017"
"DJ Gregory";"1";"1";"2018"
"The Stone Roses";"1";"1";"2019"
"Jacob Gurevitsch";"1";"1";"2020"
"The Swan & The Lake";"1";"3";"1029"
"RUF DUG";"1";"3";"1030"
"Al Massrieen";"1";"2";"1325"
"Saul Williams";"1";"2";"1326"
"Nico Stojan";"1";"1";"2021"
"The Comet Is Coming";"5";"10";"422"
"EARTH BOYS";"4";"10";"423"
"Harold Budd";"6";"18";"249"
"Frank Perry";"1";"4";"849"
"environments";"7";"25";"176"
"David Casper";"3";"18";"250"
"Joanna Brouk";"3";"13";"333"
"Hidden Spheres";"7";"19";"233"
"Soundspecies & Ache Meyi";"1";"4";"850"
"Vula Viel";"1";"1";"2022"
"Crewdson";"1";"1";"2023"
"Zun Zun Egui";"1";"2";"1327"
"Sebastian Rochford";"1";"1";"2024"
"Ayani Huni Kuin";"1";"2";"1328"
"Szun Waves";"5";"5";"728"
"Rejoicer";"2";"2";"1329"
"Werkha";"25";"66";"37"
"GATS";"1";"3";"1031"
"Alban Endlos";"9";"17";"262"
"tomanka";"1";"1";"2025"
"Santi D";"1";"1";"2026"
"Christian Scott aTunde Adjuah";"1";"1";"2027"
"Rob Araujo";"1";"1";"2028"
"Free the Robots";"1";"2";"1330"
"Normanton Street";"1";"1";"2029"
"MIND GAMERS";"1";"1";"2030"
"Tim Maia";"1";"1";"2031"
"Karavan";"14";"25";"177"
"Connan Mockasin";"1";"1";"2032"
"Augustus Pablo";"2";"4";"851"
"Zazou Bikaye";"2";"2";"1331"
"Big Youth";"1";"1";"2033"
"Malombo";"1";"1";"2034"
"Sublevel 3";"1";"1";"2035"
"Richard Purser Featuring Daniel Double";"1";"1";"2036"
"Dionne";"1";"1";"2037"
"Techno Soul";"1";"1";"2038"
"avroarrow";"1";"2";"1332"
"Man Tear";"1";"4";"852"
"Lukas Nystrand Von Unge";"2";"4";"853"
"Off The Meds";"1";"3";"1032"
"Baba Stiltz";"4";"6";"645"
"Adrian Lux";"1";"3";"1033"
"Bella Boo";"10";"33";"122"
"Sofia Kourtesis";"1";"2";"1333"
"Al Zanders";"1";"5";"729"
"Madison McFerrin";"1";"1";"2039"
"Panthera Krause";"8";"16";"275"
"Nhú de Ped'Bia";"1";"2";"1334"
"Pedrinho";"2";"2";"1335"
"Tulipa Negra";"1";"1";"2040"
"Manuel Gomes";"1";"1";"2041"
"Val Xalino";"1";"1";"2042"
"Magnus JJ";"1";"9";"450"
"Te'Amir";"19";"56";"53"
"Garrett";"2";"2";"1336"
"Scott Xylo";"18";"49";"67"
"Marcus Joseph";"5";"12";"354"
"Siaubas";"1";"1";"2043"
"Simple Symmetry";"1";"1";"2044"
"A Macaca & Gama";"4";"12";"355"
"SPIRAL DELUXE";"8";"21";"205"
"Little People";"1";"1";"2045"
"DJ Seinfeld";"2";"2";"1337"
"Scott Gilmore";"2";"2";"1338"
"Hanni El Khatib";"1";"2";"1339"
"De Frank Professionals";"1";"1";"2046"
"Kelsey Lu";"1";"1";"2047"
"AMyn";"1";"1";"2048"
"DJ ClicK";"1";"1";"2049"
"VESCE";"1";"1";"2050"
"Gil Scott-Heron";"1";"1";"2051"
"Git";"1";"2";"1340"
"l'éclair";"2";"2";"1341"
"Isabelle Mayereau";"1";"1";"2052"
"Doug Hream Blunt";"1";"1";"2053"
"Pharoah Sanders";"2";"3";"1034"
"Wally Badarou";"1";"1";"2054"
"Lee ""Scratch"" Perry";"1";"1";"2055"
"Ayalew Mesfin";"1";"1";"2056"
"Yamasuki";"1";"2";"1342"
"Sandy B";"2";"5";"730"
"Tabala";"1";"1";"2057"
"Azymuth";"1";"1";"2058"
"Tartit";"1";"1";"2059"
"Bally Sagoo";"1";"1";"2060"
"Cutty Ranks";"1";"1";"2061"
"The Heptones";"1";"1";"2062"
"Vybz Kartel";"1";"1";"2063"
"Tommy McCook";"1";"1";"2064"
"Black Uhuru";"1";"1";"2065"
"Ata Kak";"1";"1";"2066"
"Dur-Dur Band";"2";"3";"1035"
"Ramuntcho Matta";"1";"1";"2067"
"Basa Basa";"1";"1";"2068"
"Amanaz";"2";"2";"1343"
"Asnaké Gèbrèyès";"1";"1";"2069"
"Dave Liebman";"1";"1";"2070"
"Momo Wandel Soumah";"1";"1";"2071"
"Capital Letters";"1";"1";"2072"
"Matoub Lounès";"1";"1";"2073"
"Johnny Wakelin";"1";"1";"2074"
"? and the Mysterians";"1";"1";"2075"
"Louiz Banks";"1";"2";"1344"
"Carlos Maria";"1";"3";"1036"
"Chaka Demus & Pliers";"1";"1";"2076"
"Antonio Sanches";"1";"3";"1037"
"Adjágas";"1";"1";"2077"
"Tommy Mandel";"1";"1";"2078"
"Talking Heads";"1";"1";"2079"
"Lou Blic";"1";"1";"2080"
"T.P. Orchestre Poly-Rythmo";"2";"2";"1345"
"Roberto Fonseca";"1";"1";"2081"
"Mystica Tribe";"1";"1";"2082"
"Alfio Antico";"1";"1";"2083"
"Pete Beardsworth";"1";"1";"2084"
"Nu Guinea";"12";"26";"169"
"Ground";"1";"1";"2085"
"DWART";"1";"2";"1346"
"Emo Kid";"1";"2";"1347"
"Pitto";"1";"1";"2086"
"Kaleido";"7";"27";"156"
"YASUO SUGIBAYASHI";"1";"2";"1348"
"Internal N.Y. Rhythms";"1";"1";"2087"
"moonilena";"1";"1";"2088"
"Paradise Alley";"1";"1";"2089"
"Pedrodollar";"1";"1";"2090"
"Superpitcher";"2";"2";"1349"
"Whispers Beirut";"1";"1";"2091"
"Torolf Stendik";"1";"1";"2092"
"Thomas & Jonas";"1";"1";"2093"
"Qaadir Howard";"1";"5";"731"
"Lucius";"1";"1";"2094"
"The Flaming Lips";"1";"1";"2095"
"Rapossa";"1";"1";"2096"
"Ranno Vollman";"1";"1";"2097"
"Jackson Lewis";"1";"1";"2098"
"Christos Fourkis";"1";"1";"2099"
"Lemurian";"1";"1";"2100"
"Omerar Nanda";"1";"1";"2101"
"Yohoros";"1";"1";"2102"
"Tevo Howard";"1";"3";"1038"
"Seven Davis Jr.";"1";"1";"2103"
"Aybee";"1";"2";"1350"
"Hieroglyphic Being";"3";"7";"564"
"Kassem Mosse";"1";"2";"1351"
"Frangie";"1";"3";"1039"
"K&F";"1";"2";"1352"
"Lana Del Rey";"2";"7";"565"
"Chicano Batman";"3";"5";"732"
"Brzzvll";"6";"7";"566"
"Noname";"11";"11";"383"
"Akua Naru";"1";"1";"2104"
"soundspecies";"9";"14";"313"
"Shinichi Atobe";"1";"1";"2105"
"DJ Call Me";"1";"1";"2106"
"Errorsmith";"1";"1";"2107"
"Grupo Controle Digital";"1";"2";"1353"
"Bullion";"1";"1";"2108"
"Costa & Chyps";"1";"2";"1354"
"ɹǝqüɟdoʞkopfüber";"2";"3";"1040"
"LIVE im salon_286831970";"1";"1";"2109"
"Landikhan";"1";"1";"2110"
"Roberto Rodriguez";"1";"3";"1041"
"Street Corner Symphony";"1";"2";"1355"
"Bernardo";"1";"1";"2111"
"Red Axes";"4";"7";"567"
"Doc Severinsen";"2";"2";"1356"
"RUNE LINDBÆK";"1";"1";"2112"
"BLUE CAMERA";"1";"1";"2113"
"Ron Rinaldi";"1";"1";"2114"
"Nucleus";"1";"1";"2115"
"Al Wilson";"1";"1";"2116"
"Maureen Bailey";"1";"1";"2117"
"Fein";"1";"1";"2118"
"June Evans";"1";"1";"2119"
"Starcrost";"1";"1";"2120"
"Aldous Harding";"4";"17";"263"
"Just Emma";"1";"1";"2121"
"Foreign Guest";"1";"1";"2122"
"Ameli Paul";"1";"1";"2123"
"Bedouin";"1";"1";"2124"
"Y. Gershovsky";"1";"2";"1357"
"The Lyman Woodard Organization";"1";"1";"2125"
"Stevie Wonder";"2";"2";"1358"
"Groove Committee";"1";"1";"2126"
"Agua Re";"1";"1";"2127"
"Terrence Parker";"1";"1";"2128"
"B.T. Express";"1";"1";"2129"
"Robson Jorge & Lincoln Olivetti";"1";"1";"2130"
"Teddy Pendergrass";"1";"1";"2131"
"Agrupacion Ilegal Los Imparciales";"4";"9";"451"
"Jonny Drop";"11";"57";"51"
"Your Planet Is Next";"1";"4";"854"
"Julien Dyne";"22";"39";"92"
"Christian Löffler";"8";"13";"334"
"Aera";"13";"20";"218"
"Jonny Nash";"2";"5";"733"
"Lowbrow";"1";"1";"2132"
"Pastor T.L. Barrett and The Youth for Christ Choir";"1";"2";"1359"
"Autumn";"1";"1";"2133"
"Madman Jaga";"1";"3";"1042"
"Bernard bonnier";"1";"1";"2134"
"Peter Power";"11";"23";"189"
"Supermax";"1";"1";"2135"
"Siriusmo";"1";"1";"2136"
"Bernard Estardy";"1";"2";"1360"
"Joe Meek & The Blue Men";"1";"3";"1043"
"CLAUDE PERRAUDIN";"1";"1";"2137"
"Shadow";"7";"20";"219"
"Robin Gibb";"1";"1";"2138"
"Prince";"1";"1";"2139"
"Rex Rabanye";"1";"1";"2140"
"Jorge Reyes";"6";"31";"131"
"Raphael Toiné";"1";"1";"2141"
"Joe Gray";"1";"1";"2142"
"Cottam";"1";"1";"2143"
"Jabru";"1";"1";"2144"
"Lrusse";"1";"1";"2145"
"Will Saul";"3";"3";"1044"
"Axel Boman / CLOSE";"1";"1";"2146"
"October";"1";"1";"2147"
"David Clement";"1";"1";"2148"
"Legowelt";"1";"1";"2149"
"Gerry Read";"1";"1";"2150"
"E:scape";"1";"1";"2151"
"Segun Adewale";"1";"2";"1361"
"Róisín Murphy";"1";"5";"734"
"Kusht";"9";"15";"296"
"HOMESHAKE";"5";"6";"646"
"Chris Cohen";"1";"1";"2152"
"Yadava";"1";"1";"2153"
"Freda Payne";"1";"1";"2154"
"OONGA";"1";"2";"1362"
"YAM Records";"1";"1";"2155"
"Tillmann Ostendarp, O/Y";"1";"1";"2156"
"Murphy Jax";"1";"2";"1363"
"Billy Caso";"1";"1";"2157"
"Puhdys";"1";"2";"1364"
"Bill Evans";"2";"5";"735"
"Jon Hassell";"3";"5";"736"
"Ray Lynch";"1";"3";"1045"
"Lambert";"45";"165";"2"
"Emancipator";"1";"1";"2158"
"Addison Groove";"1";"2";"1365"
"Arutani";"1";"1";"2159"
"Psilosamples";"1";"2";"1366"
"Hadi Zeidan";"1";"1";"2160"
"M.I.A.";"1";"1";"2161"
"SCHNTZL";"1";"1";"2162"
"2 Times Nothing";"1";"1";"2163"
"LABtrio";"1";"1";"2164"
"Glass Museum";"1";"1";"2165"
"Steiger";"1";"1";"2166"
"De Beren Gieren";"1";"1";"2167"
"Commander Spoon";"1";"2";"1367"
"Stuff.";"6";"8";"504"
"Compro Oro";"1";"1";"2168"
"Jascha Hagen & Martha van Straaten";"1";"1";"2169"
"Joy O";"6";"11";"384"
"Stimela";"1";"2";"1368"
"Princesa";"1";"1";"2170"
"Jean du Voyage";"1";"1";"2171"
"Gerra G";"1";"1";"2172"
"LamatUuc";"1";"1";"2173"
"Scott Blair";"1";"3";"1046"
"Software";"1";"2";"1369"
"Peter Nothnagle";"1";"4";"855"
"Armen Miran";"1";"1";"2174"
"Yuma";"1";"9";"452"
"Umoja";"9";"16";"276"
"Chaka Khan";"1";"3";"1047"
"MARTHA VAN STRAATEN 'Ayu' (edit)";"1";"1";"2175"
"Crussen";"1";"3";"1048"
"Johannes Klingebiel";"1";"4";"856"
"Derryl Parsons";"1";"4";"857"
"Multi Culti";"12";"18";"251"
"Pauline Anna Strom";"14";"87";"20"
"Slow Machete";"11";"68";"34"
"Aleksandır";"4";"4";"858"
"Lion Sphere";"1";"1";"2176"
"Ensemble Entendu";"2";"4";"859"
"Afterclapp";"16";"64";"40"
"Trans-Millenia Consort";"1";"1";"2177"
"Steve Hillage";"2";"2";"1370"
"Dirk Barkemeijer de Wit";"1";"1";"2178"
"Kareem Lotfy";"1";"3";"1049"
"Bob Holroyd";"1";"4";"860"
"Hans-Joachim Roedelius";"6";"8";"505"
"Ka Baird";"1";"2";"1371"
"Vegyn";"1";"14";"314"
"The Bermuda Triangle";"1";"2";"1372"
"Brian Eno";"17";"76";"28"
"Ojard";"1";"1";"2179"
"Nicola Noir";"3";"7";"568"
"AmuAmu";"1";"3";"1050"
"Dolly Dream";"1";"1";"2180"
"Andrew Bird";"12";"16";"277"
"Newen Afrobeat";"3";"3";"1051"
"Baba Commandant and the Mandingo Band";"2";"2";"1373"
"Jordan De La Sierra";"2";"4";"861"
"Peter Kardas";"1";"4";"862"
"Simian Mobile Disco";"2";"3";"1052"
"Jon Keliehor";"1";"2";"1374"
"Pariah";"4";"17";"264"
"Carl Stone";"1";"16";"278"
"Astarius";"2";"2";"1375"
"Yves Tumor";"1";"3";"1053"
"Tonstartssbandht";"1";"1";"2181"
"Albrecht La'Brooy";"1";"2";"1376"
"B12";"1";"1";"2182"
"K. Leimer";"2";"11";"385"
"Dolphins Into the Future";"2";"4";"863"
"Harald Grosskopf";"1";"2";"1377"
"Cut Copy";"1";"2";"1378"
"Bree Tranter";"11";"43";"83"
"Elder Island";"1";"2";"1379"
"Mother Funk";"1";"1";"2183"
"Ragz Nordset";"1";"2";"1380"
"Angus & Julia Stone";"1";"3";"1054"
"Almunia";"1";"2";"1381"
"Luiz Henrique";"1";"9";"453"
"L'Impératrice";"1";"1";"2184"
"C.A.R.";"14";"49";"68"
"Parcels";"1";"4";"864"
"Monolink";"4";"9";"454"
"PillowTalk";"1";"1";"2185"
"Manoo";"1";"1";"2186"
"World Champion";"1";"1";"2187"
"Michel Degen";"1";"1";"2188"
"Amy Shark";"1";"1";"2189"
"Kandiafa";"1";"1";"2190"
"Coma";"2";"5";"737"
"Stavroz";"2";"2";"1382"
"Miel De Montagne";"1";"1";"2191"
"SANTÉ";"1";"1";"2192"
"jPattersson";"1";"1";"2193"
"La Fine Equipe";"1";"2";"1383"
"Bilderbuch";"1";"1";"2194"
"Junior A";"1";"1";"2195"
"Here Is Why";"1";"1";"2196"
"Alba";"1";"1";"2197"
"Josienne Clarke And Ben Walker";"1";"1";"2198"
"Twinset";"1";"1";"2199"
"Norman Weber";"1";"1";"2200"
"Hindi Zahra";"1";"2";"1384"
"Dhafer Youssef";"1";"2";"1385"
"Roc Marciano";"1";"5";"738"
"Elve";"3";"19";"234"
"Deniece Williams";"2";"5";"739"
"Kwes.";"1";"4";"865"
"Dorothy Ashby";"3";"9";"455"
"Miles Davis";"1";"5";"740"
"Joe Henderson";"2";"7";"569"
"Desolate";"1";"5";"741"
"Gang Colours";"1";"1";"2201"
"JINKU";"2";"3";"1055"
"Chino Amobi";"1";"1";"2202"
"Arp";"1";"2";"1386"
"Alessandro Cortini";"1";"1";"2203"
"Michael Stearns";"1";"1";"2204"
"Ian William Craig";"1";"1";"2205"
"Miyako Koda";"1";"2";"1387"
"Ola Szmidt";"1";"3";"1056"
"Hove";"1";"3";"1057"
"Matthewdavid’s Mindflight";"2";"4";"866"
"Nova Nova";"1";"2";"1388"
"Art of Noise";"12";"27";"157"
"Nusrat Fateh Ali Khan";"1";"2";"1389"
"Todd Rundgren";"1";"2";"1390"
"Stu Mindeman";"8";"17";"265"
"Drugdealer";"1";"1";"2206"
"Good Morning";"1";"1";"2207"
"The Equatics";"1";"1";"2208"
"LOVING";"1";"1";"2209"
"Paul McCartney";"2";"2";"1391"
"Sharon Jones and the Dap-Kings";"2";"2";"1392"
"Perera Elsewhere";"1";"1";"2210"
"Fjaak";"1";"1";"2211"
"Tirzah";"5";"8";"506"
"Leben Und Arbeiten";"1";"1";"2212"
"Biogen";"1";"2";"1393"
"Suso Saiz";"1";"1";"2213"
"Yialmelic Frequencies";"1";"1";"2214"
"Ami Shavit";"1";"1";"2215"
"Rezzett";"1";"1";"2216"
"Akira Rabelais";"1";"2";"1394"
"Nu";"3";"6";"647"
"Patrice Bäumel";"1";"1";"2217"
"Jose Padilla";"1";"4";"867"
"Eitan Reiter";"12";"19";"235"
"Tobias";"1";"2";"1395"
"Don't Problem";"4";"5";"742"
"Ljudbilden & Piloten";"1";"8";"507"
"José González";"1";"2";"1396"
"Sigrid";"1";"1";"2218"
"Guida De Palma";"1";"1";"2219"
"Cluster";"3";"14";"315"
"veranda culture";"1";"2";"1397"
"Panda Bear";"1";"1";"2220"
"Lido Pimienta";"1";"1";"2221"
"Kike Pinto";"1";"1";"2222"
"Bukahara";"1";"1";"2223"
"Deela";"1";"1";"2224"
"Sango";"1";"1";"2225"
"Mr. YT";"1";"1";"2226"
"Martin Glass";"3";"5";"743"
"Matt Karmil";"7";"20";"220"
"Felicia Atkinson";"1";"1";"2227"
"Leyland Kirby";"1";"2";"1398"
"Isolée";"1";"1";"2228"
"Happy Meals";"3";"4";"868"
"Martyn Heyne";"1";"2";"1399"
"Sarah Davachi";"2";"2";"1400"
"Mark Renner";"1";"4";"869"
"Para One";"1";"2";"1401"
"Isao Tomita";"1";"1";"2229"
"Wareika Hill Sounds";"1";"3";"1058"
"Melanie Velarde";"1";"1";"2230"
"Andrés";"1";"1";"2231"
"Blludd Relations";"1";"1";"2232"
"Heatsick";"1";"2";"1402"
"Francesco Tristano";"1";"8";"508"
"HNNY";"7";"17";"266"
"The Four Freshmen";"1";"4";"870"
"Tycho";"5";"17";"267"
"Gustavo Santaolalla";"1";"5";"744"
"TM Juke";"1";"4";"871"
"Kozmonaut";"1";"13";"335"
"Pan•American";"1";"1";"2233"
"Yamaneko";"1";"3";"1059"
"00110100 01010100";"1";"9";"456"
"Analogue Dear";"1";"2";"1403"
"Ernest Ranglin";"1";"7";"570"
"Marvin Horsch";"1";"3";"1060"
"Arthur Russell";"1";"3";"1061"
"Jonathan Kaspar";"4";"7";"571"
"J.B. Banfi";"1";"1";"2234"
"Michael Garrison";"1";"1";"2235"
"Carl Matthews";"1";"1";"2236"
"Tim Blake";"1";"1";"2237"
"Rue Royale";"6";"6";"648"
"Fort Romeau";"1";"1";"2238"
"Fake Mood";"2";"2";"1404"
"Makossa & Megablast";"1";"6";"649"
"Behrellips";"1";"1";"2239"
"The Babe Rainbow (AUS)";"1";"5";"745"
"St Germain";"1";"1";"2240"
"Sabo";"1";"1";"2241"
"Bona Fide & Johnny Leoni";"1";"1";"2242"
"La Maison Tellier";"1";"2";"1405"
"Argento Dust";"1";"2";"1406"
"Vangelis";"1";"3";"1062"
"Pantha du Prince & The Bell Laboratory";"1";"1";"2243"
"Sage Caswell";"1";"2";"1407"
"Jason Kolàr";"10";"31";"132"
"Ekkehard Ehlers";"1";"7";"572"
"Haruka Nakamura";"1";"5";"746"
"Zongamin";"6";"14";"316"
"Mayra Andrade";"1";"1";"2244"
"Josa Peit";"8";"16";"279"
"tajima hal";"1";"4";"872"
"Federico Durand";"28";"54";"57"
"Visible Cloaks";"5";"14";"317"
"Connie Constance";"1";"8";"509"
"Joey Pecoraro";"15";"41";"87"
"Denai Moore";"1";"6";"650"
"Jaco Pastorius";"1";"3";"1063"
"Contact Play";"8";"20";"221"
"Max Richter";"7";"7";"573"
"Koss";"1";"2";"1408"
"F.S. Blumm";"2";"3";"1064"
"Ryuichi Sakamoto";"1";"2";"1409"
"Ebo Taylor";"3";"4";"873"
"47 Soul";"1";"1";"2245"
"Bibio";"1";"1";"2246"
"Norrland";"1";"1";"2247"
"Porn Sword Tobacco";"1";"1";"2248"
"Helm";"3";"8";"510"
"Thor Rixon";"1";"1";"2249"
"Bill Callahan";"1";"1";"2250"
"Allen Ginsberg";"1";"1";"2251"
"Machinefabriek";"1";"1";"2252"
"Odessey And Oracle";"1";"2";"1410"
"Tom Rogerson";"1";"1";"2253"
"Aso";"2";"3";"1065"
"Two Inch Punch";"1";"3";"1066"
"Billy Cobham";"1";"5";"747"
"Marcos Valle";"2";"5";"748"
"Sampha";"1";"2";"1411"
"Alice Coltrane";"7";"20";"222"
"Stas";"2";"3";"1067"
"Turtle";"3";"4";"874"
"Abrão";"6";"12";"356"
"Cluster & Brian Eno";"1";"2";"1412"
"Commodo";"1";"1";"2254"
"Dorisburg";"11";"20";"223"
"David Lord";"10";"11";"386"
"Sampa the Great";"27";"82";"24"
"Hunrosa";"1";"4";"875"
"Victor Démé";"1";"5";"749"
"Terry Hall & Mushtaq";"1";"2";"1413"
"John Cage";"1";"2";"1414"
"Georgs Pelēcis";"2";"2";"1415"
"Claude Debussy";"1";"1";"2255"
"Philip Glass";"1";"1";"2256"
"Hans Zimmer";"1";"2";"1416"
"Nick Cave";"1";"1";"2257"
"Nick Cave & Warren Ellis";"1";"1";"2258"
"Micachu";"1";"2";"1417"
"Toto";"1";"2";"1418"
"Ramin Djawadi";"1";"1";"2259"
"Clint Mansell";"1";"1";"2260"
"Frédéric Chopin";"6";"6";"651"
"Ludwig van Beethoven";"6";"12";"357"
"Franz Liszt";"2";"2";"1419"
"Caffee Concerto";"1";"2";"1420"
"Max Bruch";"1";"1";"2261"
"Eagle Lake";"1";"1";"2262"
"Ana Olgica";"1";"1";"2263"
"Lo Mimieux";"1";"1";"2264"
"Sigríður";"1";"1";"2265"
"Agni Bjark";"1";"1";"2266"
"Hultana";"1";"1";"2267"
"Hushed";"1";"1";"2268"
"Steven Windhaug";"1";"1";"2269"
"Strange Imagining";"1";"1";"2270"
"Rand Aldo";"1";"1";"2271"
"Erki Pärnoja";"1";"1";"2272"
"RJ Malcolm";"1";"1";"2273"
"Dorothy Laddland";"1";"1";"2274"
"Luchs";"1";"1";"2275"
"Silver Maple";"1";"1";"2276"
"John Henriksson";"1";"1";"2277"
"Lake Geneva";"1";"1";"2278"
"Enzo Electronic";"1";"1";"2279"
"Trevor Kowalski";"1";"1";"2280"
"Pergélisol";"1";"1";"2281"
"Regina Mira";"1";"1";"2282"
"Be One";"1";"1";"2283"
"Peter Sandberg";"1";"1";"2284"
"Aaron Lansing";"1";"1";"2285"
"Sleeping at Last";"1";"1";"2286"
"Ivy Rue";"1";"1";"2287"
"Arden Forest";"1";"1";"2288"
"Gabriel Parker";"1";"1";"2289"
"Reversible";"1";"1";"2290"
"Dakota Suite";"1";"1";"2291"
"Burnt Friedman";"1";"2";"1421"
"Christian Naujoks";"1";"1";"2292"
"Ligovskoï";"1";"1";"2293"
"Tenniscoats";"1";"1";"2294"
"John Luther Adams";"1";"1";"2295"
"A Macaca & Peter Power";"1";"4";"876"
"Arutani, Steffen Kirchhoff";"1";"1";"2296"
"Lena Willikens";"1";"7";"574"
"Lucas Croon & Carsten Dämbkes";"1";"2";"1422"
"Lucas Croon";"1";"1";"2297"
"Sonido Gallo Negro";"8";"18";"252"
"Noblesse Oblige";"2";"3";"1068"
"Dollskabeat";"1";"1";"2298"
"Vakula & Kuniyuki";"4";"11";"387"
"Karen Gwyer";"7";"12";"358"
"Eris Drew";"3";"7";"575"
"Marquis Hill";"1";"1";"2299"
"Octo Octa";"10";"17";"268"
"Rina";"1";"1";"2300"
"Fit of Body";"11";"29";"141"
"Hecq";"1";"1";"2301"
"Neil Cowley Trio";"15";"46";"73"
"Johanna Knutsson";"1";"2";"1423"
"Mathew Jonson";"1";"2";"1424"
"Charlotte dos Santos";"1";"1";"2302"
"Sivu";"4";"8";"511"
"Darling";"10";"11";"388"
"Os Originais Do Samba";"1";"1";"2303"
"P.r.Λ.Λ.H";"1";"1";"2304"
"Peter Gregson";"12";"12";"359"
"dominik marz";"1";"1";"2305"
"Alan Braufman";"2";"2";"1425"
"Akala";"1";"1";"2306"
"Ego Ella May";"2";"14";"318"
"Volo";"3";"7";"576"
"Hejira";"2";"8";"512"
"Faodail";"1";"2";"1426"
"Tor";"2";"2";"1427"
"SubLab";"1";"1";"2307"
"David Holmes";"1";"1";"2308"
"Michel Redolfi";"1";"2";"1428"
"Gigi Masin";"2";"2";"1429"
"Oliver Coates";"2";"4";"877"
"june11";"1";"3";"1069"
"Roy Montgomery";"1";"2";"1430"
"Lou Ragland";"1";"2";"1431"
"Le Stim";"1";"1";"2309"
"Osmar Milito";"1";"1";"2310"
"Trio Ternura";"1";"6";"652"
"Joyce/Part. Esp.: Gilson Peranzzetta Gentilmente Cedido Pela Vison";"1";"1";"2311"
"Oluko Imo";"1";"2";"1432"
"Nat King Cole";"1";"1";"2312"
"The Waitresses";"1";"1";"2313"
"The Darkness";"1";"1";"2314"
"John Denver";"1";"1";"2315"
"Bruce Springsteen";"1";"2";"1433"
"Jona Lewie";"1";"2";"1434"
"Andy Williams";"1";"1";"2316"
"The Pretenders";"1";"1";"2317"
"Wham!";"1";"1";"2318"
"Leona Lewis";"1";"2";"1435"
"Mariah Carey";"1";"1";"2319"
"Shakin' Stevens";"1";"1";"2320"
"Steps";"1";"1";"2321"
"Daryl Hall & John Oates";"1";"1";"2322"
"The Crystals";"2";"2";"1436"
"Brenda Lee";"1";"1";"2323"
"Darlene Love";"1";"2";"1437"
"The Jackson 5";"2";"2";"1438"
"Little Mix";"1";"1";"2324"
"Noddy Holder";"1";"1";"2325"
"John Lennon";"1";"2";"1439"
"Kylie Minogue";"2";"2";"1440"
"Idina Menzel";"1";"1";"2326"
"Carly Rae Jepsen";"1";"1";"2327"
"Mud";"1";"1";"2328"
"Band Aid";"1";"2";"1441"
"The Pogues";"1";"2";"1442"
"Kelly Clarkson";"1";"1";"2329"
"Elton John";"1";"2";"1443"
"Wizzard";"1";"1";"2330"
"Michael Bublé";"3";"3";"1070"
"Boney M.";"1";"1";"2331"
"The Wombats";"1";"1";"2332"
"Miley Cyrus";"1";"1";"2333"
"R. Kelly";"1";"1";"2334"
"Clementine Duo";"2";"2";"1444"
"Gabrielle Aplin";"1";"1";"2335"
"Olga Chung";"1";"1";"2336"
"Mindy Gledhill";"1";"1";"2337"
"Josh Garrels";"1";"1";"2338"
"Handsome and Gretyl";"2";"2";"1445"
"Tyrone Wells";"2";"2";"1446"
"Jillian Edwards";"1";"1";"2339"
"Adam Christopher";"1";"1";"2340"
"Caroline Pennell";"2";"2";"1447"
"Johnnyswim";"2";"2";"1448"
"Jack Johnson";"1";"2";"1449"
"Amber Leigh Irish";"1";"1";"2341"
"Tore Bojsten";"2";"2";"1450"
"Jason Mraz";"1";"1";"2342"
"Missy & Blonde";"1";"1";"2343"
"Catherine Feeny";"1";"1";"2344"
"Lydia Liza";"1";"1";"2345"
"Karizma Duo";"1";"1";"2346"
"Daniela Andrade";"2";"3";"1071"
"Jaymay";"1";"1";"2347"
"Cœur de Pirate";"1";"1";"2348"
"Jon McLaughlin";"1";"1";"2349"
"Sara Farell";"1";"1";"2350"
"Darlene Zschech";"1";"1";"2351"
"Cody Simpson";"1";"1";"2352"
"Mason Jennings";"1";"1";"2353"
"First Aid Kit";"1";"1";"2354"
"Sovereign Grace Music";"1";"1";"2355"
"Eric Lugosch";"1";"1";"2356"
"Keston Cobblers Club";"1";"1";"2357"
"Ron Sexsmith";"1";"1";"2358"
"Dundas";"1";"1";"2359"
"Bright Eyes";"1";"1";"2360"
"Dan Berk";"1";"1";"2361"
"Meiko";"1";"1";"2362"
"Bailey Jehl";"1";"1";"2363"
"Rose Cousins";"1";"1";"2364"
"Andreas Weise";"1";"1";"2365"
"Brad Paisley";"1";"1";"2366"
"Perry Como";"1";"2";"1451"
"Elvis Presley";"1";"2";"1452"
"John Williams";"1";"1";"2367"
"Johnny Mathis";"1";"1";"2368"
"Run–D.M.C.";"1";"1";"2369"
"Nightmares on Wax";"9";"18";"253"
"Mazzy Star";"1";"1";"2370"
"Sirens Of Lesbos";"1";"8";"513"
"Johnny Moore";"1";"2";"1453"
"Danilo & Pablo";"1";"1";"2371"
"salvador araguaya";"2";"2";"1454"
"Gappy Ranks";"1";"1";"2372"
"Cuthead";"1";"1";"2373"
"Intimate Disco";"1";"1";"2374"
"Psalms";"1";"1";"2375"
"Yvonne Gray";"1";"1";"2376"
"Bobby Hebb";"1";"1";"2377"
"Bill Laurance";"2";"3";"1072"
"Jimmy Smith";"6";"7";"577"
"Johann Sebastian Bach";"36";"36";"105"
"Patti Austin";"1";"2";"1455"
"Leon Thomas";"1";"1";"2378"
"Prins Thomas";"26";"96";"14"
"Klein";"1";"1";"2379"
"son.sine";"1";"2";"1456"
"Haley";"13";"124";"8"
"Peter Thomas";"1";"3";"1073"
"Güero";"8";"9";"457"
"Bruce Antoine";"1";"1";"2380"
"Annie Leigh";"1";"1";"2381"
"Paul Williams";"1";"1";"2382"
"Pyotr Ilyich Tchaikovsky";"2";"2";"1457"
"Arthur Mass";"1";"1";"2383"
"Leroy Anderson";"1";"2";"1458"
"Dana Daoud";"1";"1";"2384"
"Philip Watts";"1";"2";"1459"
"Christmas Piano Players";"1";"1";"2385"
"Mila Crowell";"3";"3";"1074"
"Oscar Peterson Trio";"2";"5";"750"
"Antonio Vivaldi";"1";"1";"2386"
"Randol Alan Bass";"1";"1";"2387"
"Felix Mendelssohn";"1";"1";"2388"
"Hector Berlioz";"1";"1";"2389"
"Giacomo Puccini";"1";"1";"2390"
"Sergei Rachmaninoff";"2";"2";"1460"
"Osunlade";"1";"12";"360"
"Blutch";"6";"6";"653"
"Dan Romer";"6";"6";"654"
"Wayward";"2";"2";"1461"
"FlowerPowder";"1";"1";"2391"
"Isaac Soto";"19";"34";"115"
"Amaro Freitas";"1";"1";"2392"
"Lnrdcroy";"3";"4";"878"
"Leo Pol";"7";"15";"297"
"Schacke";"1";"1";"2393"
"Henri Texier";"2";"4";"879"
"Anthony Shakir";"1";"2";"1462"
"DJ HEURE";"1";"1";"2394"
"La-Le-Lu";"1";"1";"2395"
"Szare";"1";"4";"880"
"BLAKK EARTH";"1";"1";"2396"
"Traversable Wormhole";"1";"1";"2397"
"DJ Slip";"1";"1";"2398"
"Birth Of Frequency";"1";"1";"2399"
"Mark Broom";"2";"2";"1463"
"Radial";"1";"1";"2400"
"Steve Stoll";"1";"1";"2401"
"Lewis Fautzi";"1";"1";"2402"
"Ellie Goulding";"1";"1";"2403"
"Surgeon";"2";"2";"1464"
"2000 and One";"1";"1";"2404"
"Matthew Dear";"1";"4";"881"
"DJ Emerson";"1";"3";"1075"
"TJ Kong";"1";"1";"2405"
"Woo York";"1";"1";"2406"
"Heiko Laux";"1";"1";"2407"
"System 01";"1";"1";"2408"
"Drexciya";"1";"1";"2409"
"Dax J";"1";"1";"2410"
"Antigone";"1";"1";"2411"
"Basic Channel";"1";"1";"2412"
"Huerco S.";"1";"4";"882"
"El Búho";"1";"1";"2413"
"s a r a s a r a";"1";"1";"2414"
"Special Request";"1";"1";"2415"
"ODESZA";"1";"1";"2416"
"Giraffi Dog";"1";"1";"2417"
"Kez YM";"2";"6";"655"
"The Screenshots";"17";"24";"184"
"Fila Brazillia";"1";"1";"2418"
"MJ Lallo";"1";"1";"2419"
"XOA";"15";"64";"41"
"Jan Turkenburg";"1";"1";"2420"
"Art Tatum";"1";"1";"2421"
"Kay Starr";"1";"1";"2422"
"Johnny Hodges";"1";"1";"2423"
"Thad Jones";"1";"1";"2424"
"Claude Thornhill & His Orchestra";"1";"1";"2425"
"Niccolò Paganini";"1";"1";"2426"
"Weather Report";"1";"1";"2427"
"Ana Moura";"1";"1";"2428"
"The Dave Brubeck Quartet";"1";"2";"1465"
"Gonzalo Rubalcaba";"7";"11";"389"
"Dieter Klöcker";"1";"2";"1466"
"Earl Sweatshirt";"2";"2";"1467"
"Shuta Hasunuma";"1";"1";"2429"
"Sultan Shakes";"1";"3";"1076"
"Melodiesinfonie";"8";"10";"424"
"Mariah";"1";"1";"2430"
"Jazz Dialogue";"1";"2";"1468"
"knowmadic";"1";"1";"2431"
"Damu The Fudgemunk";"1";"1";"2432"
"CoryaYo";"5";"12";"361"
"Shaqdi";"1";"1";"2433"
"$oudière";"1";"4";"883"
"Matthew Halsall";"1";"5";"751"
"Tenesha The Wordsmith feat.DJ Khalab";"2";"7";"578"
"Bassekou Kouyate";"1";"3";"1077"
"Uniting Of Opposites";"4";"5";"752"
"INTINAHUAL";"4";"5";"753"
"The Deli";"1";"1";"2434"
"Nujabes";"1";"1";"2435"
"Tangerine Dream";"1";"1";"2436"
"Soulchef";"1";"1";"2437"
"momü";"2";"2";"1469"
"FloFilz";"1";"1";"2438"
"DJ YUNG VAMP";"2";"3";"1078"
"SwuM";"1";"1";"2439"
"A Tribe Called Quest";"1";"1";"2440"
"Kupla";"2";"3";"1079"
"Kenji";"1";"1";"2441"
"Ryan Peña";"1";"2";"1470"
"Slight";"1";"3";"1080"
"P. Adrix";"1";"1";"2442"
"Talaboman";"10";"27";"158"
"LAKEY INSPIRED";"1";"1";"2443"
"C Y G N";"1";"1";"2444"
"Shamana";"1";"2";"1471"
"Home";"1";"1";"2445"
"Freddie Joachim";"1";"1";"2446"
"Handbook";"1";"1";"2447"
"9th Wonder";"1";"1";"2448"
"Stan Forebee";"1";"1";"2449"
"Derek Michael";"1";"4";"884"
"Sam Dees";"1";"1";"2450"
"Charlie Haden";"1";"2";"1472"
"Horace Silver";"4";"6";"656"
"Eric Dolphy";"1";"1";"2451"
"Blossom Dearie";"1";"1";"2452"
"The Nat King Cole Trio";"1";"1";"2453"
"Louis Moreau Gottschalk";"1";"1";"2454"
"James Carter";"1";"1";"2455"
"Eddie Harris";"1";"1";"2456"
"Mily Balakirev";"1";"1";"2457"
"Andy Sheppard";"1";"1";"2458"
"McCoy Tyner Trio";"1";"1";"2459"
"Horace Silver Quintet";"2";"2";"1473"
"Lennie Niehaus";"1";"1";"2460"
"Volker Kriegel";"1";"3";"1081"
"Don Ellis Band";"1";"3";"1082"
"China Moses";"5";"19";"236"
"George Duke";"1";"2";"1474"
"Elvin Jones Jazz Machine";"1";"2";"1475"
"Sascha Funke";"7";"21";"206"
"Flamingo Pier";"2";"2";"1476"
"Viken Arman";"13";"41";"88"
"Weval";"12";"28";"147"
"Twerking Class Heroes";"1";"4";"885"
"Brigade";"2";"5";"754"
"The Outer Limits";"1";"1";"2461"
"Dave Brubeck";"1";"1";"2462"
"Igor Stravinsky";"1";"1";"2463"
"Hampton Hawes Trio";"1";"1";"2464"
"Sarah Vaughan";"1";"1";"2465"
"Lee Konitz";"1";"1";"2466"
"Henry Purcell";"1";"1";"2467"
"Billie Holiday";"1";"1";"2468"
"Selaelo Selota";"1";"1";"2469"
"Hank Jones";"1";"1";"2470"
"Baldassare Galuppi";"1";"1";"2471"
"Cedar Walton";"1";"1";"2472"
"Lennie Tristano";"1";"1";"2473"
"Melody Gardot";"1";"1";"2474"
"All in One";"4";"4";"886"
"Baby Ford";"1";"1";"2475"
"Brian Keane featuring Omar Faruk Tekbilek, Dinçer Dalkiliç, Emin Gündüz";"7";"7";"579"
"Cocteau Twins";"2";"2";"1477"
"Eric B. & Rakim";"3";"3";"1083"
"Benjamin Fröhlich";"1";"1";"2476"
"Fern Kinney";"1";"1";"2477"
"Bruce Haack";"1";"1";"2478"
"Turns";"1";"1";"2479"
"Brian Bennett Band";"1";"1";"2480"
"Claude Speeed";"1";"1";"2481"
"Sun Araw";"1";"1";"2482"
"Richard Schneider JR.";"1";"1";"2483"
"The Durian Brothers";"1";"1";"2484"
"Joel Graham";"1";"1";"2485"
"Interstellar Funk";"1";"1";"2486"
"Kyle Hall";"1";"1";"2487"
"Casually Here";"2";"2";"1478"
"Lucrecia Dalt";"2";"2";"1479"
"Schrecken & Bernhard Bauch";"9";"18";"254"
"Caroline Rose";"11";"12";"362"
"Louis Cole";"1";"1";"2488"
"Ben Hayes";"5";"19";"237"
"Dexter Story";"13";"55";"54"
"Beatrice Dillon & Kassem Mosse";"2";"3";"1084"
"Vedagor";"6";"7";"580"
"Phaserboys";"4";"11";"390"
"V (24)";"17";"17";"269"
"Kid Koala";"16";"16";"280"
"Vedomir";"11";"23";"190"
"Audion";"1";"1";"2489"
"Dionigi";"2";"2";"1480"
"Atom TM";"4";"5";"755"
"DJ Nature & Kuniyuki";"3";"10";"425"
"K15 & Kuniyuki";"1";"2";"1481"
"Kuniyuki & Jimpster";"2";"4";"887"
"The War on Drugs";"1";"1";"2490"
"Die Orangen";"4";"9";"458"
"Rick Cuevas";"1";"1";"2491"
"Medeski, Martin & Wood";"5";"11";"391"
"Coro Qom Chelaalapi";"2";"2";"1482"
"Tommy Galento";"2";"2";"1483"
"Beans";"1";"1";"2492"
"Opio";"1";"1";"2493"
"Marlowe";"2";"2";"1484"
"Hilmar Jensson";"1";"1";"2494"
"David August";"8";"8";"514"
"Tapes";"8";"21";"207"
"Illa J";"1";"1";"2495"
"nkisi";"2";"2";"1485"
"Kuniyuki";"10";"11";"392"
"Catastrophe";"1";"1";"2496"
"Aaron Parks";"1";"1";"2497"
"Wilma Vritra";"16";"41";"89"
"Rene Schier";"1";"1";"2498"
"Will Dimaggio";"8";"30";"136"
"De Pikles";"1";"1";"2499"
"David Stout";"1";"1";"2500"
"Phyllyp Vernacular";"1";"1";"2501"
"Pinty";"6";"28";"148"
"Ibu Selva";"9";"9";"459"
"azul-revolto";"1";"1";"2502"
"Oberst & Buchner";"1";"1";"2503"
"Dan Croll";"1";"1";"2504"
"kalupke";"4";"11";"393"
"William Arcane";"4";"10";"426"
"Birdhouse";"12";"42";"85"
"Genius of Time";"4";"8";"515"
"Moonstarr";"1";"3";"1085"
"The Jet Age of Tomorrow";"8";"8";"516"
"Jet Age of Tomorrow";"2";"2";"1486"
"Nomade Records";"3";"3";"1086"
"Tommy Guerrero";"4";"7";"581"
"The Elder Statesman";"1";"1";"2505"
"Catching Flies";"11";"16";"281"
"Jean-Luc Ponty";"2";"3";"1087"
"Kuniyuki Takahashi";"8";"10";"427"
"Hendrick Valera";"1";"1";"2506"
"Vernal Equinox";"2";"2";"1487"
"Biralo";"2";"2";"1488"
"Yellow Shoots";"4";"17";"270"
"Anchorsong";"2";"8";"517"
"BRANKO";"1";"4";"888"
"KH";"1";"2";"1489"
"Alex Kassian";"1";"3";"1088"
"âme";"1";"3";"1089"
"Durante";"1";"3";"1090"
"Harry Charles";"1";"3";"1091"
"Ian Ewing";"1";"1";"2507"
"Olsen";"1";"2";"1490"
"Lee Ritenour";"1";"1";"2508"
"Chasman";"1";"1";"2509"
"Sony Enang";"1";"2";"1491"
"Steve Marshall";"1";"1";"2510"
"Janus Rasmussen";"12";"62";"44"
"Caribou";"1";"1";"2511"
"Debora Ipekel";"1";"1";"2512"
"Colin Matthews";"1";"1";"2513"
"d'Voxx";"1";"1";"2514"
"Jay Glass Dubs";"6";"6";"657"
"Ensemble Economique";"1";"1";"2515"
"Waak Waak Djungi";"1";"1";"2516"
"Sonny Sharrock";"1";"2";"1492"
"Sly & Robbie";"1";"5";"756"
"Lijadu Sisters";"1";"7";"582"
"LA Priest";"2";"15";"298"
"moscoman";"1";"1";"2517"
"Saâda Bonaire";"3";"4";"889"
"Jill Kroesen";"1";"1";"2518"
"Midori Takada";"3";"3";"1092"
"Urfali Babi";"1";"1";"2519"
"Finis Africae";"1";"1";"2520"
"Waipod Phetsuphan";"1";"1";"2521"
"Orchestra Baobab";"1";"1";"2522"
"Tempel Rytmik";"1";"1";"2523"
"Lawrence le doux";"1";"12";"363"
"Pedro Vian";"1";"1";"2524"
"Pye Corner Audio";"3";"3";"1093"
"Sir Victor Uwaifo";"1";"6";"658"
"Aroop Roy";"4";"14";"319"
"young wolf";"2";"2";"1493"
"Bombino";"1";"1";"2525"
"Holly Walker";"3";"12";"364"
"Zapatilla";"3";"8";"518"
"Neil Cowley";"12";"73";"31"
"MAST (4)";"1";"1";"2526"
"Jeremy Spellacey";"1";"1";"2527"
"DJs Pareja";"1";"1";"2528"
"Gesaffelstein";"1";"1";"2529"
"The Chemical Brothers";"1";"1";"2530"
"Maxmillion Dunbar";"1";"1";"2531"
"Armando";"1";"1";"2532"
"Firma Do Txiga";"1";"1";"2533"
"Üdytü Ützeltürk And His Male Harem";"1";"1";"2534"
"Jennifer Lara";"1";"7";"583"
"Arthur Miles";"1";"2";"1494"
"Fantastic Mr Fox";"1";"2";"1495"
"Frits Wentink";"1";"1";"2535"
"Space Invadas";"12";"34";"116"
"Mitú";"1";"1";"2536"
"SLG";"1";"3";"1094"
"Qtier";"1";"3";"1095"
"Nadine Shah";"1";"2";"1496"
"Luiz Bonfá";"1";"3";"1096"
"Etta Bond";"1";"3";"1097"
"La Lupe";"1";"1";"2537"
"Jon Wesseltoft";"1";"2";"1497"
"Harmonia";"1";"3";"1098"
"Peter Power & Psilosamples";"1";"3";"1099"
"Leonidas Jancidakis, Mauricio Sprovieri & Renato Nassif";"1";"1";"2538"
"Peter Power & Bronze Savage";"1";"2";"1498"
"Jlin";"1";"1";"2539"
"Bèzuayènè Zègèyè";"1";"2";"1499"
"Gregory Isaacs";"1";"1";"2540"
"Teta Lando";"1";"3";"1100"
"Sir Shina Peters";"1";"3";"1101"
"Delicious Inc.";"1";"3";"1102"
"Nastro";"1";"1";"2541"
"Vakula:Kez YMV";"1";"1";"2542"
"Rob";"1";"2";"1500"
"Morcheeba";"1";"2";"1501"
"Iñigo Vontier";"3";"3";"1103"
"Footshooter";"7";"13";"336"
"Dreem Lion";"1";"1";"2543"
"Alexis Le-Fan";"1";"1";"2544"
"Pulo Ndj";"15";"22";"197"
"LOVE, PEACE & TRANCE";"1";"1";"2545"
"Laurel Halo";"1";"2";"1502"
"Stallone The Reducer";"1";"2";"1503"
"Parris";"1";"2";"1504"
"Rrose";"1";"2";"1505"
"Machine Woman";"1";"2";"1506"
"Mittagsjournal (30.03.2019) by ORF Radio Ö1";"1";"2";"1507"
"Siti Muharam";"1";"1";"2546"
"Love";"10";"12";"365"
"Matanza;Maywa";"1";"1";"2547"
"Time Wharp";"1";"1";"2548"
"Journal um 5 (31.03.2019) by ORF Radio Ö1";"1";"1";"2549"
"Abendjournal um 18 (02.04.2019) by ORF Radio Ö1";"1";"1";"2550"
"Jiony";"21";"33";"123"
"RELAÉN";"4";"9";"460"
"Wu-Lu";"2";"4";"890"
"Scrimshire";"3";"3";"1104"
"Benjamin Brunn";"2";"2";"1508"
"African Vibration";"1";"7";"584"
"Slow Nomaden";"2";"2";"1509"
"Boogat";"1";"6";"659"
"Shimshon Miel";"2";"3";"1105"
"Andi Theke";"1";"1";"2551"
"Khaled Kurbeh";"4";"13";"337"
"Admin";"3";"3";"1106"
"Ciel";"1";"1";"2552"
"Mulatu Astatke";"2";"4";"891"
"Samo DJ";"2";"3";"1107"
"Tornado Wallace";"2";"3";"1108"
"Don't Dj";"2";"3";"1109"
"Daphne";"2";"3";"1110"
"Second Language";"2";"3";"1111"
"Tiago";"2";"4";"892"
"Karamika";"2";"5";"757"
"The Sun God";"2";"3";"1112"
"Powder";"9";"16";"282"
"Vertigo Inc";"2";"2";"1510"
"K-Line";"2";"2";"1511"
"Kettenkarussell";"1";"1";"2553"
"jules etienne";"1";"1";"2554"
"Lord of the Isles";"1";"2";"1512"
"COS/MES";"1";"1";"2555"
"AkizzBeatzz";"1";"1";"2556"
"Marie Davidson";"1";"9";"461"
"Theo Parrish";"1";"2";"1513"
"Call Super";"17";"34";"117"
"Sylvan Esso";"1";"1";"2557"
"Maceo & The Macks";"1";"1";"2558"
"Lamb";"1";"1";"2559"
"James Alexander Bright";"1";"1";"2560"
"Masked Man";"1";"1";"2561"
"JrD.";"1";"1";"2562"
"Charlie Megira";"1";"1";"2563"
"Ernesto Djédjé";"1";"1";"2564"
"Timmy Thomas";"1";"4";"893"
"R. D. Burman";"1";"1";"2565"
"Letta Mbulu";"1";"2";"1514"
"George McCrae";"1";"5";"758"
"Can";"2";"5";"759"
"Kaada";"2";"4";"894"
"Desmond Dekker";"1";"5";"760"
"D.R. Hooker";"1";"1";"2566"
"Dan Bay";"1";"1";"2567"
"The Durutti Column";"1";"3";"1113"
"Eddie Warner";"1";"1";"2568"
"CHIEMI ERI";"1";"1";"2569"
"The People Star";"1";"1";"2570"
"The Apostles";"1";"3";"1114"
"STEVE MONITE";"1";"1";"2571"
"Sweet Talks";"1";"1";"2572"
"Lidaju Sisters";"1";"1";"2573"
"Voodoohop";"1";"1";"2574"
"Shina Williams & His African Percussionists";"2";"2";"1515"
"SPACE INVADAS;Guilty Simpson";"1";"1";"2575"
"Daboa";"1";"1";"2576"
"Gnonnas Pédro";"1";"4";"895"
"Hany Mehanna";"1";"1";"2577"
"Miriam Makeba";"1";"2";"1516"
"Tenor Saw";"1";"8";"519"
"Sizike";"1";"3";"1115"
"Orange Juice";"1";"1";"2578"
"France Gall";"1";"1";"2579"
"Harmonic Sounds Band";"1";"1";"2580"
"Quiet Storm";"1";"1";"2581"
"The Time";"1";"1";"2582"
"Cheryl Lynn";"1";"1";"2583"
"Lord Rhaburn";"1";"1";"2584"
"Sons Of The Kingdom";"1";"1";"2585"
"Atomic Forest";"1";"1";"2586"
"Los Aragon";"1";"1";"2587"
"Jack Bruce";"1";"1";"2588"
"A Made Up Sound";"1";"1";"2589"
"Wolf MÃ¼ller meets the Nile Project";"4";"4";"896"
"Y-Bayani and Baby Naa & their Band of Enlightenment Reason and Love";"1";"1";"2590"
"Lee Dodou";"1";"1";"2591"
"Y-Bayani & His Band of Enlightenment Reason and Love";"1";"4";"897"
"The Polyversal Souls";"1";"6";"660"
"Richard Bone";"1";"1";"2592"
"Aparde";"1";"1";"2593"
"Benedikt Frey";"2";"6";"661"
"Josin";"1";"1";"2594"
"Leonidas Jancidakis";"1";"1";"2595"
"Sam Irl";"1";"1";"2596"
"Jesse Futerman";"1";"1";"2597"
"Igor Jadranin";"1";"1";"2598"
"Poirier";"1";"2";"1517"
"Smbd";"1";"2";"1518"
"Eric Lau";"1";"1";"2599"
"13th Amendment";"1";"1";"2600"
"Elijah & The Ebonites";"1";"2";"1519"
"Young Senators";"1";"3";"1116"
"Nathan Britton";"2";"2";"1520"
"EVM 128 Edit";"1";"1";"2601"
"Clutchy Hopkins";"1";"1";"2602"
"Liquid Pegasus";"1";"2";"1521"
"Colm K Edit";"1";"1";"2603"
"Dr. Mad";"1";"1";"2604"
"KenLo Craqnuques";"1";"1";"2605"
"Victim Rebirth";"1";"1";"2606"
"Wolf Müller; Niklas Wandt";"3";"3";"1117"
"Uku Kuut";"3";"3";"1118"
"DJ Chap";"1";"1";"2607"
"Aluna";"1";"1";"2608"
"Pauline Anna Storm";"1";"1";"2609"
"One and Poli";"1";"1";"2610"
"Thomass Jackson";"3";"3";"1119"
"Ströer Duo & Howard Fine";"2";"2";"1522"
"Kay Suzuki";"1";"1";"2611"
"02Albums";"2";"2";"1523"
"mgun";"1";"1";"2612"
"OKZharp & Manthe Ribane";"1";"1";"2613"
"Vladislav Delay";"1";"1";"2614"
"Pendant";"1";"1";"2615"
"Jeff Mills";"2";"2";"1524"
"Joe Goddard";"1";"1";"2616"
"Duke";"1";"1";"2617"
"Shelly Manne";"1";"1";"2618"
"Matrixxman";"1";"1";"2619"
"Peak Time Boys";"1";"3";"1120"
"Diskoking Burnhart McKoolski";"3";"6";"662"
"Bussi Man";"1";"3";"1121"
"Nuri";"8";"16";"283"
"Africaine 808";"1";"1";"2620"
"Telespazio";"1";"1";"2621"
"Bambooman";"9";"18";"255"
"Jon Kabat-Zinn";"1";"1";"2622"
"Dandara, Arutani";"1";"1";"2623"
"Chouk Bwa";"2";"2";"1525"
"Efdemin";"9";"19";"238"
"Goofy Man";"1";"2";"1526"
"Underground Resistance";"2";"2";"1527"
"Sophie";"2";"2";"1528"
"Larry Maluma & Kalimba";"1";"1";"2624"
"George McGregor & The Bronzettes";"1";"2";"1529"
"Strata-Gemma";"3";"4";"898"
"Smith";"1";"2";"1530"
"Mittagsjournal (17.05.2019) by ORF Radio Ö1";"1";"1";"2625"
"Madlaks";"1";"2";"1531"
"Sweely";"1";"7";"585"
"Kalaha Moon";"1";"1";"2626"
"Alton Ellis";"2";"3";"1122"
"Sola Rosa";"1";"4";"899"
"Slightly Stoopid";"4";"9";"462"
"Nostalgia 77";"1";"2";"1532"
"Jain";"1";"1";"2627"
"Ini Kamoze";"1";"2";"1533"
"Rae & Christian";"1";"1";"2628"
"Tinariwen";"1";"1";"2629"
"Bremer/McCoy";"13";"21";"208"
"Apparat";"1";"2";"1534"
"Absolutely Free";"1";"2";"1535"
"DJ Yoda";"1";"1";"2630"
"Franco F. & Marika Lenny";"1";"1";"2631"
"Mattmosphere";"2";"2";"1536"
"Go Yama";"1";"1";"2632"
"Solar Quest";"5";"19";"239"
"Gilb'R";"3";"10";"428"
"Dazion";"1";"1";"2633"
"Max abysmal";"3";"5";"761"
"Mutado Pintado Presents Sworn Virgins";"1";"2";"1537"
"Franco F.";"1";"2";"1538"
"Klein & M.B.O.";"1";"1";"2634"
"Waffles";"1";"1";"2635"
"Pépé Bradock";"12";"18";"256"
"Rise of the Moon";"1";"1";"2636"
"Brian Eno & David Byrne";"1";"1";"2637"
"Renegade Soundwave";"1";"1";"2638"
"Don Carlos";"1";"1";"2639"
"Antoine Kogut";"1";"1";"2640"
"Darkside";"8";"8";"520"
"Black Jazz Consortium";"1";"1";"2641"
"JAN KINČL";"1";"1";"2642"
"Emmanuel Jal";"1";"9";"463"
"Tora Vinter";"1";"3";"1123"
"Justus Köhncke";"1";"1";"2643"
"Franco F. Simulation Lab";"1";"3";"1124"
"Mixhell";"2";"2";"1539"
"Nashil Pichen";"1";"1";"2644"
"Stepwise Records";"1";"1";"2645"
"Penny Penny";"1";"1";"2646"
"Sandy Harless";"1";"2";"1540"
"Cracky";"1";"1";"2647"
"Kiefer";"8";"12";"366"
"L'Orange";"1";"1";"2648"
"Mounika.";"6";"9";"464"
"Acid Arab";"2";"2";"1541"
"Shackleton";"1";"2";"1542"
"Knautic";"1";"2";"1543"
"axelboman";"4";"6";"663"
"Amselcom";"1";"1";"2649"
"Kasper Bjørke";"1";"2";"1544"
"Congi";"13";"29";"142"
"STL";"1";"1";"2650"
"Ahmoudou Madassane";"1";"1";"2651"
"Deena Abdelwahed";"1";"1";"2652"
"Jus' Us";"1";"1";"2653"
"Jimmy Cliff";"1";"2";"1545"
"Harmony Four";"1";"1";"2654"
"Country Comfort";"1";"1";"2655"
"Esa";"1";"1";"2656"
"Hakobune";"2";"2";"1546"
"Steel Pulse";"2";"2";"1547"
"Cultiz";"1";"1";"2657"
"Rob Galbraith";"1";"3";"1125"
"Lost Souls Of Saturn";"1";"2";"1548"
"ynfnd";"2";"2";"1549"
"URUBU Marinka";"2";"2";"1550"
"NÔMADE MUSIC";"1";"4";"900"
"Luke Abbott";"6";"16";"284"
"The Cinematic Orchestra";"6";"7";"586"
"Jacob Karlzon";"1";"1";"2658"
"Jack Garratt";"1";"1";"2659"
"Julian Waterfall Pollack";"2";"2";"1551"
"Ben Khan";"1";"1";"2660"
"Late of the Pier";"1";"1";"2661"
"leveldva";"2";"4";"901"
"Inverted Audio";"1";"1";"2662"
"Ladino Romance";"1";"1";"2663"
"Moullinex";"1";"3";"1126"
"Ralph Falcon";"1";"1";"2664"
"Zulu";"1";"1";"2665"
"Lord Kitchener";"1";"1";"2666"
"Thapporn Petchubon";"1";"1";"2667"
"Autocreation";"5";"5";"762"
"Ron Korb";"1";"2";"1552"
"Flying Lotus";"14";"25";"178"
"Tomaga";"1";"1";"2668"
"Sven Libaek";"1";"1";"2669"
"Hoshina Anniversary";"2";"4";"902"
"Isaac Sasson";"7";"22";"198"
"Àbáse";"4";"4";"903"
"FUNKY FRENCH LEAGUE";"1";"1";"2670"
"Biosphere";"1";"1";"2671"
"The Holy Spirit of Nothing";"2";"2";"1553"
"Moodymann";"2";"2";"1554"
"Los Imperials";"1";"1";"2672"
"Alice Clark";"4";"4";"904"
"Ogoya Nengo and The Dodo Women’s Group";"1";"1";"2673"
"Laurie Spiegel";"7";"7";"587"
"Loscil";"2";"2";"1555"
"LayFullStop";"1";"3";"1127"
"Lord Tusk";"1";"3";"1128"
"Kojey Radical";"1";"2";"1556"
"=CoN+KwAkE=";"1";"2";"1557"
"Mubashira Mataali Group";"1";"1";"2674"
"Abstract Orchestra";"1";"1";"2675"
"Becky Severson";"1";"1";"2676"
"Roudoudou";"1";"3";"1129"
"Don Laka";"1";"1";"2677"
"Blak Beat Niks";"1";"2";"1558"
"Ezra Furman";"1";"1";"2678"
"Tusks";"2";"2";"1559"
"Robert Rich";"6";"20";"224"
"Angel Romero;Academy of St. Martin in the Fields;Pepe Romero;Iona Brown";"1";"1";"2679"
"Academy of St. Martin in the Fields;Iona Brown;Celin Romero";"1";"1";"2680"
"Angel Romero;Academy of St. Martin in the Fields;Iona Brown";"1";"1";"2681"
"Paul Horn";"2";"4";"905"
"Russill Paul";"2";"5";"763"
"London Symphony Orchestra;Sir Colin Davis";"1";"1";"2682"
"The United States Coast Guard Band";"1";"1";"2683"
"St. Petersburg Chamber Choir";"1";"1";"2684"
"Dawn Upshaw;London Sinfonietta;David Zinman";"1";"1";"2685"
"Ancestral Elephants";"2";"2";"1560"
"Laraaji & Jonathan Goldman";"1";"2";"1561"
"Soname";"1";"1";"2686"
"Shantala";"1";"1";"2687"
"Guide";"7";"9";"465"
"Roland Kirk Quartet";"7";"7";"588"
"Daniel Masson";"1";"1";"2688"
"Matize";"5";"8";"521"
"Radioactive Orchestra";"1";"1";"2689"
"Ada";"1";"7";"589"
"ishmael ensemble";"2";"3";"1130"
"川井憲次";"2";"2";"1562"
"Tigersushi Records";"1";"1";"2690"
"RollOverMilano";"1";"1";"2691"
"Kelpe / DRUT Recordings";"4";"4";"906"
"Abstrakce Records";"1";"1";"2692"
"Die Falschen Freunde";"1";"1";"2693"
"bassso";"1";"2";"1563"
"Nature Sounds";"2";"2";"1564"
"Captain Sensible";"1";"1";"2694"
"Robosonic";"2";"13";"338"
"AWAY Music";"1";"1";"2695"
"Heimlich Knüller";"2";"2";"1565"
"Pete Brandt's Method";"1";"1";"2696"
"Domenique Dumont";"2";"2";"1566"
"Shintaro Sakamoto";"1";"1";"2697"
"Nosaj Thing";"2";"2";"1567"
"Klanger";"1";"1";"2698"
"IMYRMIND";"1";"1";"2699"
"Endurance";"1";"1";"2700"
"Bjørn Torske";"6";"11";"394"
"Carmen Villain";"1";"6";"664"
"Lindstrøm";"2";"2";"1568"
"Tarjei Nygård";"1";"1";"2701"
"Donovan";"1";"1";"2702"
"Beacon";"3";"4";"907"
"Passarani";"2";"2";"1569"
"Karen Dalton";"1";"1";"2703"
"Rodney Jones";"1";"1";"2704"
"The Mighty Imperials";"1";"1";"2705"
"Empire of the Sun";"1";"1";"2706"
"Buena Vista Social Club";"1";"2";"1570"
"Fellini Félin";"2";"2";"1571"
"António Dos Santos";"2";"7";"590"
"Oasis";"1";"1";"2707"
"Circle Of Live";"1";"2";"1572"
"Alan Hovhaness";"1";"2";"1573"
"Phil France";"1";"1";"2708"
"Penguin Cafe";"6";"8";"522"
"Noema";"2";"2";"1574"
"Natural Sugars";"1";"1";"2709"
"DJ Nu-Mark";"1";"1";"2710"
"Raiza Biza";"3";"5";"764"
"King Krule";"5";"8";"523"
"Trentemøller";"1";"1";"2711"
"Sonny & The Sunsets";"1";"2";"1575"
"Ghost Against Ghost";"1";"1";"2712"
"Lancelot Layne";"1";"3";"1131"
"Jim Croce";"1";"1";"2713"
"Femi Kuti";"1";"3";"1132"
"Vis À Vis";"1";"1";"2714"
"Bob Moses/Billy Martin";"1";"1";"2715"
"POPP";"1";"1";"2716"
"Ronin Arkestra";"2";"4";"908"
"Laurence Pike";"2";"2";"1576"
"Edmony Krater";"2";"7";"591"
"Thievery Corporation";"1";"1";"2717"
"Köhncke";"1";"9";"466"
"Vladimir";"1";"1";"2718"
"haft";"1";"5";"765"
"GONNO × MASUMURA";"1";"3";"1133"
"Les Filles De Illighadad";"3";"4";"909"
"Aim";"1";"2";"1577"
"Mock & Toof";"1";"1";"2719"
"Chicco";"1";"5";"766"
"Atom™";"1";"2";"1578"
"Mop Mop";"17";"23";"191"
"Hildegard Knef";"1";"1";"2720"
"Marcello Giordani";"1";"1";"2721"
"Kollektiv Turmstrasse";"1";"2";"1579"
"Låpsley";"1";"1";"2722"
"Etienne de Crécy";"1";"2";"1580"
"Kyrill & Redford";"1";"1";"2723"
"Dennis Cruz";"1";"1";"2724"
"Bas Amro";"1";"1";"2725"
"DJ Marky";"1";"1";"2726"
"Richie Havens";"1";"1";"2727"
"Tullio De Piscopo";"1";"1";"2728"
"DJ Fitchie";"1";"1";"2729"
"Kourosh Yaghmaei";"1";"1";"2730"
"Look Like";"1";"1";"2731"
"Canu";"1";"1";"2732"
"Nina Simone";"2";"2";"1581"
"Rodney Hunter";"1";"1";"2733"
"Them";"1";"1";"2734"
"Mattafix";"1";"1";"2735"
"Lamont Dozier";"1";"1";"2736"
"Waldeck";"1";"2";"1582"
"Yse Saint Laur'ant";"1";"1";"2737"
"Simakov";"1";"1";"2738"
"Digital Afrika";"4";"12";"367"
"Kiko Navarro";"1";"1";"2739"
"Randomized Coffee";"1";"1";"2740"
"Scott nice";"1";"1";"2741"
"August Artier";"1";"1";"2742"
"Ali Farka Touré";"2";"2";"1583"
"Van Stee";"2";"12";"368"
"William Onyeabor";"1";"1";"2743"
"Jackie Mittoo";"1";"1";"2744"
"Gloria Ann Taylor";"1";"1";"2745"
"ESG";"1";"1";"2746"
"Darondo";"1";"1";"2747"
"Brokenchord";"1";"1";"2748"
"Jimi Hendrix";"1";"1";"2749"
"Paul Traeumer";"1";"1";"2750"
"Soul Keita";"1";"1";"2751"
"Oval Space / The Pickle Factory";"1";"2";"1584"
"The Beatles";"1";"1";"2752"
"Curtis Mayfield";"1";"3";"1134"
"Creedence Clearwater Revival";"1";"1";"2753"
"The Karminsky Experience Inc.";"1";"1";"2754"
"Thierry David";"1";"1";"2755"
"Extremely Bad Man";"1";"2";"1585"
"Marlena Shaw";"1";"1";"2756"
"Commodores";"1";"1";"2757"
"Whitney";"1";"1";"2758"
"CROWN RULER";"1";"1";"2759"
"Tendts";"1";"1";"2760"
"Dionisio Maio";"1";"2";"1586"
"JOSE CASIMIRO";"1";"2";"1587"
"Bana";"1";"2";"1588"
"Corbo";"1";"1";"2761"
"Edmoon Records";"1";"2";"1589"
"Modern Obscure Music";"1";"1";"2762"
"THE DIABOLICAL LIBERTIES";"3";"3";"1135"
"Timbuktu";"2";"5";"767"
"May East";"1";"1";"2763"
"Dequinha e Zaba";"1";"1";"2764"
"Oharaska";"1";"1";"2765"
"Fausto Fawcett";"1";"1";"2766"
"Manu Delago";"8";"8";"524"
"Mathias Eick";"1";"1";"2767"
"Nookala Chinna Satyanarayana";"1";"1";"2768"
"Gene Harris";"1";"2";"1590"
"The Invisible";"1";"2";"1591"
"Mndsgn";"1";"2";"1592"
"Håkan Hellström";"1";"1";"2769"
"Veronica Maggio";"1";"1";"2770"
"Silvana Imam";"1";"1";"2771"
"Jonti";"1";"1";"2772"
"Jacques";"1";"1";"2773"
"Abro";"1";"1";"2774"
"Compost";"1";"2";"1593"
"Rahhh";"1";"1";"2775"
"Spacetime Continuum";"1";"2";"1594"
"Pegasus";"1";"3";"1136"
"Sly And Lovechild";"1";"1";"2776"
"Hiver";"1";"1";"2777"
"Batang Frisco";"1";"1";"2778"
"Joji Yuasa";"1";"1";"2779"
"Wilburn Burchette";"1";"1";"2780"
"Guem";"1";"1";"2781"
"SHIKA SHIKA";"1";"2";"1595"
"Späk";"1";"1";"2782"
"Black Pumas";"10";"28";"149"
"Seanie T";"1";"3";"1137"
"Cleve Pozar";"1";"1";"2783"
"Bodega";"1";"1";"2784"
"Dino & The Deltones";"1";"1";"2785"
"The Friendly Seven feat. Betty Thompson";"1";"2";"1596"
"Yo La Tengo";"1";"1";"2786"
"Clark";"2";"4";"910"
"Jake Milliner";"1";"1";"2787"
"Derrok";"1";"1";"2788"
"Uakti";"1";"1";"2789"
"Salon - Zur wilden Renate";"1";"1";"2790"
"Barbara Moore";"1";"1";"2791"
"inflo";"1";"1";"2792"
"Merle";"1";"1";"2793"
"Manuel Darquart";"1";"1";"2794"
"The Marias";"1";"1";"2795"
"Sam Evian";"1";"1";"2796"
"BADBADNOTGOOD";"1";"1";"2797"
"Jungle";"1";"1";"2798"
"Mansur Brown";"1";"1";"2799"
"The Flying Stars Of Brooklyn NY";"1";"1";"2800"
"Sault";"1";"1";"2801"
"Paul Cherry";"1";"1";"2802"
"Lil Pump";"1";"1";"2803"
"Charlotte Adigéry";"1";"8";"525"
"Cypress Hill";"1";"1";"2804"
"Slumberville";"1";"1";"2805"
"The Small Circle";"1";"1";"2806"
"Joaquín Cornejo";"1";"3";"1138"
"Tawiah";"9";"51";"66"
"Area Code 615";"1";"1";"2807"
"Crue-l Grand Orchestra";"1";"1";"2808"
"Glissandro 70";"1";"1";"2809"
"Holger Czukay";"1";"1";"2810"
"Rey De Copás";"1";"1";"2811"
"The Mole";"1";"1";"2812"
"The Electric South";"1";"7";"592"
"Carlos Hernandez";"1";"2";"1597"
"Finzy Kontini";"1";"2";"1598"
"Musique";"1";"2";"1599"
"Soylent Green";"1";"2";"1600"
"Tsha";"1";"1";"2813"
"Titeknots";"1";"1";"2814"
"Dan Kye";"1";"1";"2815"
"Barakas";"1";"1";"2816"
"R. Lyle";"1";"1";"2817"
"Throwing Snow";"1";"1";"2818"
"Nepa Allstar";"1";"1";"2819"
"Earth Trax";"1";"1";"2820"
"John Beltran";"1";"1";"2821"
"Georges Rey Ensemble";"1";"2";"1601"
"NATURAL LATERAL";"4";"4";"911"
"Santi";"2";"9";"467"
"Meitei";"22";"45";"75"
"DAMA DAMA";"1";"1";"2822"
"Jonas Sá";"1";"1";"2823"
"HouseWork";"1";"1";"2824"
"Budgie";"1";"1";"2825"
"MinaeMinae";"3";"3";"1139"
"Arms and Sleepers";"1";"1";"2826"
"Josephine Wiggs";"5";"5";"768"
"Marcus Hamblett";"6";"21";"209"
"Niklas Wandt";"1";"3";"1140"
"Ralph Heidel";"5";"9";"468"
"Keope";"1";"2";"1602"
"Karaba";"1";"9";"469"
"David Nesselhauf";"1";"3";"1141"
"Sissi Rada";"1";"2";"1603"
"Andromeda Mega Express Orchestra";"1";"2";"1604"
"Oracles";"1";"1";"2827"
"Onom Agemo";"1";"1";"2828"
"Torben Unit";"1";"1";"2829"
"JJ Whitefield";"2";"2";"1605"
"Yacht";"3";"8";"526"
"Salomea";"1";"1";"2830"
"Matana Roberts";"3";"3";"1142"
"Karnaval Blues";"1";"1";"2831"
"Barney Artist";"1";"1";"2832"
"Shellac";"1";"2";"1606"
"Steve Moore";"5";"5";"769"
"Benita";"1";"1";"2833"
"Dusky";"1";"1";"2834"
"Peter Abdul";"1";"1";"2835"
"Ami Dang";"1";"2";"1607"
"DJ Python";"1";"4";"912"
"Leafcutter John";"1";"6";"665"
"Antoine Berjeaut";"1";"2";"1608"
"Angel Bat Dawid";"7";"9";"470"
"Rev Harvey Gates";"1";"3";"1143"
"Batsumi";"1";"1";"2836"
"DJ Cam";"1";"2";"1609"
"Oso Leone";"1";"3";"1144"
"Ferg";"1";"1";"2837"
"Crac";"1";"3";"1145"
"Kali Malone";"3";"5";"770"
"ras";"1";"3";"1146"
"Rozi Plain";"1";"3";"1147"
"Beverly Glenn-Copeland";"1";"1";"2838"
"Pat Thomas";"2";"7";"593"
"Meara O'Reilly";"1";"1";"2839"
"Hans Hass";"1";"1";"2840"
"RVDS";"1";"2";"1610"
"Horizont";"1";"1";"2841"
"JRBB";"1";"1";"2842"
"Little Dragon";"1";"5";"771"
"Jad & The";"1";"1";"2843"
"The Quiet Ones";"1";"4";"913"
"Leif";"1";"2";"1611"
"Camila Costa";"1";"4";"914"
"Svínhunder";"1";"3";"1148"
"Yu Su";"2";"5";"772"
"Amerigo Gazaway";"1";"2";"1612"
"Carlos Niño & Friends";"1";"1";"2844"
"David Walters";"1";"7";"594"
"Kanot";"1";"1";"2845"
"Okain";"1";"1";"2846"
"Contact";"1";"1";"2847"
"Sinoptik Music";"1";"1";"2848"
"WaWuWe";"1";"1";"2849"
"The Frightnrs";"2";"3";"1149"
"The Gladiators";"1";"2";"1613"
"Toots and The Maytals";"1";"1";"2850"
"John Brown's Body";"1";"2";"1614"
"The Vernons";"1";"1";"2851"
"The Jamaicans";"1";"1";"2852"
"Sublime";"1";"2";"1615"
"Desmond Cheese";"1";"2";"1616"
"Bob Marley & The Wailers";"1";"2";"1617"
"Treugol'nyy Son";"1";"1";"2853"
"Astro Nautico";"1";"1";"2854"
"Naxatras";"1";"3";"1150"
"Ziggy Marley";"1";"1";"2855"
"Muno";"1";"1";"2856"
"Batu Ozer";"1";"1";"2857"
"Niju";"1";"1";"2858"
"Jacob Groening";"1";"1";"2859"
"Loewenthal";"1";"1";"2860"
"ōme";"1";"1";"2861"
"DaniT";"1";"1";"2862"
"Prins Emanuel";"8";"12";"369"
"Aaron Taylor";"1";"1";"2863"
"Serafina Steer";"1";"3";"1151"
"Brainstory";"1";"1";"2864"
"Mark de Clive-Lowe";"3";"4";"915"
"Frank Sinatra";"1";"2";"1618"
"Matt Terry";"1";"1";"2865"
"Gwen Stefani";"1";"1";"2866"
"Sia";"2";"2";"1619"
"98º";"1";"1";"2867"
"Coldplay";"1";"1";"2868"
"Destiny's Child";"1";"1";"2869"
"Britney Spears";"1";"1";"2870"
"The Vamps";"1";"1";"2871"
"Sam Smith";"1";"1";"2872"
"Ariana Grande";"2";"2";"1620"
"Bing Crosby";"1";"1";"2873"
"Chris Rea";"1";"2";"1621"
"Meghan Trainor";"1";"1";"2874"
"FEATHERED SUN";"1";"2";"1622"
"The Colours That Rise";"1";"2";"1623"
"Santilli";"1";"2";"1624"
"Pole";"1";"2";"1625"
"The Midnight Hour";"1";"2";"1626"
"Sam Prekop";"1";"4";"916"
"Andras";"1";"2";"1627"
"Max Clouth Clan";"1";"1";"2875"
"Pacific Coliseum";"1";"1";"2876"
"Family Time";"1";"2";"1628"
"Micatone";"11";"14";"320"
"Aporia";"4";"7";"595"
"Thibault Renou";"1";"2";"1629"
"Kevin Morby";"1";"3";"1152"
"Peaking Lights";"2";"4";"917"
"❖UMOJA";"6";"6";"666"
"midub";"1";"1";"2877"
"Detroit Swindle";"1";"1";"2878"
"Space Ghost";"1";"2";"1630"
"Kasper Marott";"2";"5";"773"
"Verner";"1";"2";"1631"
"DIRK 81";"2";"5";"774"
"S. N. Goenka";"1";"1";"2879"
"Bété";"6";"8";"527"
"Sick Puppies";"1";"1";"2880"
"Clarence Carter";"1";"3";"1153"
"Slow Attack Ensemble";"1";"1";"2881"
"Holy Fuck";"3";"3";"1154"
"Nautiluss";"1";"1";"2882"
"Violetta Parisini";"4";"10";"429"
"Meetsysteem";"1";"3";"1155"
"Billy Ocean";"1";"2";"1632"
"Yoshinori Hayashi";"1";"1";"2883"
"Cowboy Rhythmbox";"1";"2";"1633"
"Ichisan";"1";"2";"1634"
"Edwin Starr";"1";"1";"2884"
"Dervish";"1";"3";"1156"
"Ana Roxanne";"1";"3";"1157"
"Mary Lattimore";"1";"2";"1635"
"Shyamal Sinha";"1";"1";"2885"
"Liquid Youth";"1";"2";"1636"
"Deep House Vancouver";"1";"1";"2886"
"Blusher";"1";"1";"2887"
"Tina Malia";"1";"4";"918"
"Mapstation";"4";"4";"919"
"Nihiloxica";"4";"8";"528"
"Pigmalião";"2";"3";"1158"
"Robert Stillman";"1";"1";"2888"
"Gal Gracen";"2";"3";"1159"
"HÆLOS";"1";"1";"2889"
"gillespeterson";"2";"3";"1160"
"Jac the Disco";"1";"1";"2890"
"Fagaru Evolution";"2";"5";"775"
"Cito Jarvis";"1";"4";"920"
"Arrow";"1";"2";"1637"
"Sebastian Böhm";"1";"4";"921"
"Peter Britto";"1";"1";"2891"
"*D* Ivan";"1";"1";"2892"
"Adonijah";"1";"2";"1638"
"Levi John";"1";"3";"1161"
"The Millers";"1";"2";"1639"
"Mohjah";"1";"1";"2893"
"Spiking";"1";"2";"1640"
"Lewlewal de Podor";"2";"4";"922"
"Roger Bain";"1";"1";"2894"
"Juno D";"1";"1";"2895"
"Andre Tanker";"1";"2";"1641"
"Colin Jackman";"1";"8";"529"
"Touch";"1";"1";"2896"
"Bill Campbell";"1";"1";"2897"
"D' Rebel Band";"1";"2";"1642"
"Barrio Lindo";"1";"1";"2898"
"Traditional";"1";"2";"1643"
"Thomas Fehlmann";"6";"6";"667"
"Zuco 103";"1";"1";"2899"
"The Sabres of Paradise";"1";"1";"2900"
"Nadia Nair";"2";"2";"1644"
"John Hopkins Uni";"1";"1";"2901"
"Abba Gargando";"2";"4";"923"
"Alkibar Gignor";"1";"1";"2902"
"Intriya Ag Babo";"1";"2";"1645"
"Children in Djounhan";"1";"2";"1646"
"Amanar";"1";"2";"1647"
"Pingipung";"1";"1";"2903"
"King Aus";"1";"1";"2904"
"Mary Clark";"1";"1";"2905"
"Quantic;Los Miticos Del Ritmo";"1";"1";"2906"
"Horostar de Tonka";"1";"2";"1648"
"Nelson Of The East";"6";"9";"471"
"Kohra";"1";"1";"2907"
"baiuca";"1";"1";"2908"
"IYAKUH";"1";"1";"2909"
"Sangeet";"1";"1";"2910"
"Nomadic";"1";"1";"2911"
"Fany Havest";"1";"1";"2912"
"Quirino Do Canto";"1";"1";"2913"
"Tchiss Lopes";"1";"2";"1649"
"João Cirilo";"1";"2";"1650"
"Abel Lima";"1";"1";"2914"
"Os Apolos";"1";"1";"2915"
"Américo Brito";"1";"1";"2916"
"Elisio Vieira";"1";"1";"2917"
"Modha";"1";"1";"2918"
"Tidiane Thiam";"1";"1";"2919"